vid,name,born,dead,blood,marital,species,gender,height,hair,eye
詹姆·斯图尔特,詹姆·斯图尔特,英格兰,,麻瓜,已婚,人类,男,,,
伊索特·塞耶,伊索特·塞耶,约1603年 伊尔弗莫尼小屋，柯姆洛格拉谷地，凯里郡，爱尔兰 ,晚于1703年年,纯血统,已婚,人类,女,,,
赫伯特·瓦尼,赫伯特·瓦尼,约1858年,1889年 (31岁),,,吸血鬼,男,,,
贝德维尔,贝德维尔,,,,,人类,男,,,
阿特米希亚·勒夫金,阿特米希亚·勒夫金,1754年英国或爱尔兰,1825年 (71岁),纯血统或混血统,,人类,女,,灰色,
韦恩·霍普金斯,韦恩·霍普金斯,1979年9月1日至1980年8月31日之间,,混血统,,人类,男,,,
西尔瓦努斯·凯特尔伯恩,西尔瓦努斯·凯特尔伯恩,11月22日英国,,纯血统或混血统,单身,人类,男,,,
西莫·斐尼甘,西莫·斐尼甘,约1980年，爱尔兰,,混血统,,人类,男,,浅茶色,蓝色
蒂莉·托克,蒂莉·托克,1903年,1991年 (87或88岁),,,人类,女,,金色,
阿不思·邓布利多,阿不思·邓布利多,1881年8月下旬沃土原，英格兰，英国,1997年6月30日 (115岁)天文塔，霍格沃茨城堡，苏格兰高地，苏格兰，英国,混血统,单身 (前度爱人为盖勒特·格林德沃),人类,男,约180㎝,银色，原为赤褐色,蓝色
莱姆斯·卢平,莱姆斯·卢平,1960年3月10日,1998年5月2日 (38岁)霍格沃茨城堡，苏格兰,混血统,已婚,人类 (以前)狼人,男性,6英尺2英寸,浅棕色，有些斑白,绿色
萨默斯,萨默斯,1977年11月至1983年之间 英国或爱尔兰,,,,人类,男,,,
忒修斯·斯卡曼德,忒修斯·斯卡曼德,,,混血统或纯血统,未婚,人类,男,,棕色,蓝色
尼法朵拉·唐克斯,尼法朵拉·唐克斯,1973年,1998年5月2日 (25岁)霍格沃茨城堡,混血统,已婚 (被杀害前短暂丧偶),人类 (易容马格斯),女性,可变 (通常是5英尺6英寸),可变 (常是紫罗兰色或泡泡糖般的粉红色，原来是灰褐色的的),可变的 (通常是深色闪烁的眼镜)
胖修士,胖修士,晚于982年，英国,,,,人类 (曾经)幽灵,男,小个子,,
布丽奇特·温洛克,布丽奇特·温洛克,1202年丁沃斯，康沃尔郡,1286年 (84岁),,,人类,女,,黑色,蓝色
诺威尔·唐克,诺威尔·唐克,1888年,1957年 (69岁),,,人类,男,,白,蓝
劳拉·马德莱,劳拉·马德莱,约1982年至1983年，英国或爱尔兰,,,,人类,女,,,
埃莉诺·布兰斯通,埃莉诺·布兰斯通,约1982年－1983年,,,,人类,女,,,
格罗根·斯顿普,格罗根·斯顿普,1770年英国或爱尔兰,1884年 (114岁),纯血统或混血统,,人类,男,,白色(曾经为棕色),绿色
夏比,夏比,早于1983年，英国或爱尔兰,,,,人类,男,,,
加布里埃尔·杜鲁门,加布里埃尔·杜鲁门,1973年至1976年年间，英国或爱尔兰,,,,人类,男,,,
杜格德·麦克费尔,杜格德·麦克费尔,早于1841年苏格兰,,纯血统或混血统,,人类,男,,,
罗丝·泽勒,罗丝·泽勒,约1983年至1984年，英国或爱尔兰,,,,人类,女,,,
赫尔加·赫奇帕奇,赫尔加·赫奇帕奇,中世纪，威尔士,中世纪,,,人类,女,,红色,蓝色
伍德克罗夫特的汉吉斯,伍德克罗夫特的汉吉斯,晚于982年伍德克罗夫特，格洛斯特郡,,,,人类,男,,红色,
瑟拉菲娜·皮奎利,瑟拉菲娜·皮奎利,早于1903年萨凡纳，佐治亚州，美国,,,,人类,女,,,
纽特·斯卡曼德,纽特·斯卡曼德,1897年2月24日英格兰,,混血统或纯血统,已婚,人类,男,,,
西弗勒斯·斯内普,西弗勒斯·斯内普,1960年1月9日蜘蛛尾巷，科克沃斯,1998年5月2日 (38岁)尖叫棚屋，霍格莫德村,混血统,单身,人类,男,,黑色,黑色
塞德里克·迪戈里,塞德里克·迪戈里,1977年9月1日至10月30日间 英国或爱尔兰,1995年6月24日(17岁)  小汉格顿教堂墓地，英格兰，英国,纯血统,,人类,男,,深色,灰色
珀西瓦里,珀西瓦里,,,,,人类,男,,,
斯托达德·威瑟斯,斯托达德·威瑟斯,1642年,1769年 (127岁),,,人类,男,,灰色,
埃尔登·埃斯里克尔,埃尔登·埃斯里克尔,,,,,人类,男,,,
血人巴罗,血人巴罗,982年或稍晚,11世纪初,,,人类（以前）幽灵,男性,,,
帕特里克·德莱尼-波德摩,帕特里克·德莱尼-波德摩,,早于1992年,,,幽灵人类 (曾经),男,,白色,
默西·刘易斯,默西·刘易斯,约1674年/1675年,18世纪,,,人类,女,,,
弗拉德·德拉库,弗拉德·德拉库,1390年,未知,,,吸血鬼,男,,棕色,
亚伯拉罕·皮斯古德,亚伯拉罕·皮斯古德,约18世纪,,,,人类,男,,,
马洛朵拉·格里姆,马洛朵拉·格里姆,中世纪,中世纪,,,母夜叉,,,,
尼古拉斯·德·敏西-波平顿,尼古拉斯·德·敏西-波平顿,,1492年10月31日,未知血统,,人类 (曾经)幽灵,男,,,
理查一世,理查一世,1157年9月8日，牛津，英格兰,1199年4月6日，利穆赞，法国 (41岁),麻瓜,,人类,男,,,
安妮·博林,安妮·博林,诺福克郡，1501年/1507年,伦敦，1536年5月19日,哑炮,已婚 (1533年5月28日－1536年5月17日)单身 (1536年5月17日后离婚),人类,女,,深色,深色
莱格纳克一世,莱格纳克一世,,,,,妖精,男,,,
玛丽二世,玛丽二世,1662年4月30日伦敦，英格兰,1694年12月28日伦敦，英格兰,,,人类,女,,,
亨利六世,亨利六世,1421年12月6日,1471年5月21日 (49岁),麻瓜,,人类,男,,,
亨利八世,亨利八世,格林威治，1491年6月28日,伦敦，1547年1月28日,麻瓜,已婚,人类,男,,,
威廉一世,威廉一世,约1028年,1087年9月9日 (58或59岁),麻瓜,,人类,男,,,
乔治三世,乔治三世,1738年6月4日,1820年1月29日 (81岁),麻瓜,,人类,男,,,
亚瑟王,亚瑟王,,,,,人类,男,,,
亨利七世,亨利七世,1457年1月28日,1509年4月21日 (52岁),麻瓜,丧偶,人类,男,,,
阿尔法德·布莱克,阿尔法德·布莱克,1925年至1938年,,纯血统,,人类,男,,,
亚德利·普拉特,亚德利·普拉特,1446年,1557年 (111岁),,,人类,男,,黑色,紫色
戴西·多德里奇,戴西·多德里奇,1467年,1555年 (88岁),,,人类,女,,棕色,蓝色
马里厄斯·布莱克,马里厄斯·布莱克,1915年至1920年间,早于1996年,哑炮,,人类,男,,,
郝琪,郝琪,早于1940年代,1950至1960年代,,,家养小精灵,女,,,
弗利蒙·波特,弗利蒙·波特,,1978年6月到1980年7月31日间,纯血统,已婚,人类,男,,,
威尔福·埃尔菲克,威尔福·埃尔菲克,1112年,1199年 (87岁),,,人类,男,,黑色,
蒙太·奈特利,蒙太·奈特利,1506年,1588您 (82岁),,,人类,男,,,
伊尔玛·克拉布,伊尔玛·克拉布,,晚于1938年,纯血统,已婚,人类,女,,,
艾伯塔·图赛尔,艾伯塔·图赛尔,1391年,1483年 (92岁),,,人类,女,,灰色,蓝色
尤菲米娅·波特,尤菲米娅·波特,,1978年6月到1980年7月31日间,纯血统,已婚,人类,女,,,
昌西·奥尔德里奇,昌西·奥尔德里奇,1342年,1379年 (37岁),,,人类,男,,,
杜戈尔·麦格雷格,杜戈尔·麦格雷格,,约1981年,麻瓜,已婚,人类,男,,,
吉福德·奥勒敦,吉福德·奥勒敦,1390年,1441年 (50-51岁),,,人类,男,,,
戈德斯坦姐妹的父亲,戈德斯坦姐妹的父亲,,20世纪初至10年代,,,人类,男,,,
阿布拉克萨斯·马尔福,阿布拉克萨斯·马尔福,,早于1996年9月2日,纯血统,,人类,男,,,
戈德斯坦姐妹的母亲,戈德斯坦姐妹的母亲,,20世纪初至10年代,,,人类,女,,,
西普里·尤德尔,西普里·尤德尔,1312年,1357年 (45岁),,,人类,男,,金色,
佩雷纳尔·勒梅,佩雷纳尔·勒梅,约1334年,约1992年 (658岁),,,人类,女,,,
伊格内希娅·怀尔德史密斯,伊格内希娅·怀尔德史密斯,1227年,1320年 (93岁),,,人类,女,,黑色,蓝色
科迪莉亚·米塞里科迪亚,科迪莉亚·米塞里科迪亚,1298,1401,,,母夜叉,,,棕色,
尼可·勒梅,尼可·勒梅,约1327年,约1992年 (约665岁),,已婚,人类,男,,棕色,深色
德米特里·珀德,德米特里·珀德,早于1992年,1998年11月27日,,已婚,人类,男,,,
德克·克莱斯韦,德克·克莱斯韦,1960年至1961年英国或爱尔兰,1998年3月 (37岁)英国,麻瓜出身,已婚,人类,男,,棕色,
奥赖恩·布莱克,奥赖恩·布莱克,1929年,1979年(50岁),纯血统,已婚,人类,男,,,
卡桑德拉·瓦布拉斯基,卡桑德拉·瓦布拉斯基,1894年,1997年 (103岁),,,人类,女,,棕色,
雷古勒斯·布莱克,雷古勒斯·布莱克,1961年，英国,1979年(18岁)岩洞，英国,纯血统,单身,人类,男,,黑色,
马沃罗·冈特,马沃罗·冈特,,约1926年，小汉格顿附近,纯血统,,人类,男,矮,,亮褐色
罗德里·普伦顿,罗德里·普伦顿,1889年,1987年 (97至98岁),,,人类,男,,,
萨克丽莎·塔格伍德,萨克丽莎·塔格伍德,1874年,1966年 (92岁),,,人类,女,,,
鲁弗斯·斯克林杰,鲁弗斯·斯克林杰,早于1968年，英国,1997年8月1日,,,人类,男,,茶褐色,黄色
阿克图勒斯·布莱克二世,阿克图勒斯·布莱克二世,1884年,1959年(75岁),纯血统,已婚,人类,男,,,
菲尼亚斯·奈杰勒斯·布莱克,菲尼亚斯·奈杰勒斯·布莱克,1847年英国,1925年 (78岁),纯血统,已婚,人类,男,,黑色,深色
埃尔芬斯通·埃尔科特,埃尔芬斯通·埃尔科特,早于1935年,1985年,纯血统,已婚,人类,男,,白色,
小亨利·肖,小亨利·肖,早于1891年,1926年12月6日市政厅，纽约，美国,麻鸡,,人类,男,,棕色,
奥斯瓦尔德·比米什,奥斯瓦尔德·比米什,1850年,1932年 (82岁),,,人类,男,,灰色,
伊德里斯·欧克白,伊德里斯·欧克白,1872年,1985年 (113岁),哑炮,,人类,女,,灰色,蓝色
贝尔维娜·布莱克,贝尔维娜·布莱克,1886年,1962年(76岁),纯血统,已婚,人类,女,,,
安格斯·布坎南,安格斯·布坎南,1847年1月15日,1927年2月21日 (80岁),哑炮,,人类,男,,,
沃尔布加·布莱克,沃尔布加·布莱克,1925年,1985年(59或60岁),纯血统,丧偶,人类,女,,,
威尔米娜·塔夫特,威尔米娜·塔夫特,早于1931年,1959年,纯血统或混血统,,人类,女,,,
玛丽·卢·巴瑞波恩,玛丽·卢·巴瑞波恩,,12月7日，1926年第二塞勒姆教堂，纽约，美国，北美洲,麻鸡,,人类,女,,,
巴纳布斯·布伦金索普,巴纳布斯·布伦金索普,,1999年2月7日 (可能),,,人类,男,,,
雷古勒斯·布莱克一世,雷古勒斯·布莱克一世,1906年,1959年(52-53岁),纯血统,单身,人类,男,,,
卡斯提蒂·巴瑞波恩,卡斯提蒂·巴瑞波恩,1901年至1905年12月7日间,1926年12月7日第二塞勒姆教堂，纽约，美国,麻鸡,,人类,女,,草莓金,蓝色
雅各布·科瓦尔斯基的兄弟,雅各布·科瓦尔斯基的兄弟,,1914年至1918年间,麻鸡,,人类,男,,,
赫普兹巴·史密斯,赫普兹巴·史密斯,,约1946年,纯血统或混血统,,人类,女,,姜黄色（假发）,黑色
桃金娘·沃伦,桃金娘·沃伦,1926年至1932年间英国或爱尔兰,1943年6月13日哭泣的桃金娘的盥洗室，霍格沃茨城堡，苏格兰,麻瓜出身,,人类 (曾经)幽灵,女,,深棕色,
尤尼斯·默里,尤尼斯·默里,,1942年,,,人类,女,,,
贾斯特斯·皮利维克,贾斯特斯·皮利维克,1862年,1953年 (91岁),,,人类,男,,棕色,
西格纳斯·布莱克二世,西格纳斯·布莱克二世,1889年,1943年(54岁),纯血统,已婚,人类,男,,,
阿德贝·沃夫林,阿德贝·沃夫林,,1981年,,,人类,男,,灰,
马琳·麦金农,马琳·麦金农,早于1964年,1981年,,,人类,女,,金色,
莉莉·伊万斯,莉莉·伊万斯,1960年1月30日英格兰,1981年10月31日 (21岁)戈德里克山谷，英格兰,麻瓜出身,已婚（被谋杀前短暂丧偶）,人类,女,,深红色,亮绿色
威尔克斯,威尔克斯,20世纪50年代末或60年代初,1980年,,,人类,男,,,
埃拉朵拉·布莱克,埃拉朵拉·布莱克,1850年,1931年(81岁),纯血统,单身,人类,女,,,
维努西亚·奎克利,维努西亚·奎克利,早于1886年,1912年,纯血统或混血统,,人类,女,,,
天狼星·布莱克二世,天狼星·布莱克二世,1877年,1952年(75岁),纯血统,已婚,人类,男性,,,
爱米琳·万斯,爱米琳·万斯,,1996年6月28日至7月5日间,,,人类,女,,棕色,
法比尔斯·沃特金斯,法比尔斯·沃特金斯,1940年,1975年 (35岁),,,人类,男,,红色,
阿马利洛·莱斯托阿特,阿马利洛·莱斯托阿特,1776年美国,1977年 (201岁),,,吸血鬼,男,,金黄色,
多卡斯·维尔比拉夫,多卡斯·维尔比拉夫,1812年,1904年 (92岁),,,人类,女,,红色,黑色
菲菲·拉福尔,菲菲·拉福尔,1888年,1971年 (83岁),,,人类,女,,金色,棕色
查莉丝·布莱克,查莉丝·布莱克,1919,1973年(54岁),纯血统,已婚,人类,女,,,
小天狼星·布莱克,小天狼星·布莱克,1959年11月3日英格兰,1996年6月18日 （36岁）英国魔法部,纯血统,单身,人类,男性,,黑色,灰色
海斯帕·斯塔基,海斯帕·斯塔基,1881年,1973年 (92岁),,,人类,女,,黑色,
多卡斯·梅多斯,多卡斯·梅多斯,,1981年下半年,,,人类,女,,,
伯莎·乔金斯,伯莎·乔金斯,1953年9月1日与1958年8月31日之间,1994年 (36岁至41岁),,,人类,女,,,
詹姆·波特,詹姆·波特,1960年3月27日，英格兰，英国,1981年10月31日 (21岁)戈德里克山谷，英格兰西南部，英国,纯血统,已婚,人类,男,,乌黑,淡褐色
本吉·芬威克,本吉·芬威克,,1981年末,,,人类,男,,,
汉娜·艾博的母亲,汉娜·艾博的母亲,,1996年秋天,,,人类,女,,,
哈维·瑞吉比特,哈维·瑞吉比特,1881年,1973年 (92岁),,,人类,男,,黑色,绿色
费比安·普威特,费比安·普威特,,1981年下半年,纯血统,,人类,男,,,
吉迪翁·普威特,吉迪翁·普威特,,1981年下半年,纯血统,,人类,男,,,
利奥波迪娜·斯梅绥克,利奥波迪娜·斯梅绥克,1829年,1910年 (81岁),,,人类,女,,棕色,
比阿特丽克斯·布洛克萨姆,比阿特丽克斯·布洛克萨姆,1794年,1910年 (116岁),混血统或纯血统,已婚,人类,女,,灰色 (曾为黑色),
罗伊纳·拉文克劳,罗伊纳·拉文克劳,中世纪，苏格兰,11世纪,,,人类,女,,黑色,黑色
玛莎·斯图尔特,玛莎·斯图尔特,,,麻瓜,已婚,人类,女性,,,
卢克丽霞·布莱克,卢克丽霞·布莱克,1925年,1992年(67岁),纯血统,已婚,人类,女,,,
西格纳斯·布莱克三世,西格纳斯·布莱克三世,1938年,1992年(54岁),纯血统,已婚,人类,男,,,
卡西欧佩娅·布莱克,卡西欧佩娅·布莱克,1915年,1992年(77岁),纯血统,单身,人类,女,,,
马真塔·康斯托克,马真塔·康斯托克,1895年,1991年 (96岁),,,人类,女,,黑色,蓝色
波佩图阿·范考特,波佩图阿·范考特,1900年,1991年 (90至91岁),,,人类,女,,,
格恩多琳·奥利芬特,格恩多琳·奥利芬特,1720年,1799年，科茨沃尔德 (79岁),,,人类,女,,金色,棕色
胆小的福伯特,胆小的福伯特,约1014年,1097年 (83岁),,,人类,男,,棕色,蓝色
马克西米兰·克劳迪,马克西米兰·克劳迪,早于1753年,1781年,纯血统或混血统,,人类,男,,,
埃德加·斯特劳格,埃德加·斯特劳格,1703年,1798年 (95岁),,,人类,男,,棕色,
德里弗伦斯·戴恩,德里弗伦斯·戴恩,,1735年6月15日,,,人类,女,,,
哈夫洛克·斯威廷,哈夫洛克·斯威廷,1634年,1710年 (76岁),,,人类,男,,金黄色,
埃拉朵拉·凯特里奇,埃拉朵拉·凯特里奇,1656年,1729年 (63岁),,,人类,女,,黑色,
埃德里奇·迪戈里,埃德里奇·迪戈里,早于1716年,1747年,纯血统或混血统,,人类,男,,,
霍诺利亚·纳特科姆,霍诺利亚·纳特科姆,1665年,1743年 (78岁),,,人类母夜叉 (可能),,,白色,
孔博,孔博,1443年,1539年 (96岁),,,人类,男,,白,
亚历山大·蒲柏,亚历山大·蒲柏,1688年5月21日,1744年5月30日 (56岁),麻瓜,,人类,男,,,
费利克斯·萨默比,费利克斯·萨默比,1447年,1508年 (61岁),,,人类,男,,棕色,棕色
库克罗普斯,库克罗普斯,古希腊,,,,巨人,男,,,一只棕色的眼睛
戴丽丝·德文特,戴丽丝·德文特,早于1722年,1768年,,,人类,女,,银色,
奥德修斯,奥德修斯,古希腊,,,,人类,男,,,
瓦戈特,瓦戈特,,1762年,,,妖精或家养小精灵,男,,,
阿尔莫里克·索布里奇,阿尔莫里克·索布里奇,1602年,1699年 (97岁),,,人类,男,,棕色,
迪芙娜·弗马吉,迪芙娜·弗马吉,1612年,1698年 (86岁),,,人类,女,,红色,
艾尔弗丽达·克拉格,艾尔弗丽达·克拉格,1612年,1687年 (75岁),,,人类,女,,灰色,
威廉·塞耶,威廉·塞耶,,约1608年,纯血统,已婚,人类,男,,,
厄克特·拉哈罗,厄克特·拉哈罗,1612年,1697年 (85岁),,,人类,男,,,
雷欧娜·塞耶,雷欧娜·塞耶,,约1608年,纯血统,已婚,人类,女,,,
萨迪厄斯·瑟克尔,萨迪厄斯·瑟克尔,1632年,1692年 (60岁),,,人类,男,,白色,
劳瑞娜·卡玛,劳瑞娜·卡玛,早于1867年,1896年9月1日至1896年12月31日,纯血统,已婚,人类,女,,黑色,
穆斯多拉·巴克维斯,穆斯多拉·巴克维斯,1520年,1666年 (146岁),,,人,女,,灰色,蓝色
奈莫恩·拉德福德,奈莫恩·拉德福德,1562年,1649年 (87岁),,,人类,女,,白色,蓝色
芒戈·博纳姆,芒戈·博纳姆,1560年,1659年 (98至99岁),,,人类,男,,,
卡蜜拉·圣圭纳,卡蜜拉·圣圭纳,1561年,1757年 (196岁),,,吸血鬼,女,,,
卡多根,卡多根,中世纪，英国或爱尔兰,,纯血统或混血统,,人类,男,,白色,
阿博瑞克·格伦尼恩,阿博瑞克·格伦尼恩,1803年,1882年 (79岁),,,人类,男,,白色,
文森特·德·泰福勒-皮克公爵,文森特·德·泰福勒-皮克公爵,,晚于1794年,,,人类,男,,,
庞奇利伯爵,庞奇利伯爵,,,麻瓜,,人类,男,,,
兰斯洛特 (骑士),兰斯洛特 (骑士),,,,,人类,男,,,
苏珊·博恩斯,苏珊·博恩斯,1979年或1980年，英国,,混血统,,人类,女,,,
巴尔弗·布兰,巴尔弗·布兰,1566年,1629年 (63岁),,,人类,男,,棕色,蓝色
巴麦尊勋爵,巴麦尊勋爵,1784年10月20日,1865年10月18日,麻瓜,,人类,男,,,
阿奇博尔德·阿尔德顿,阿奇博尔德·阿尔德顿,1568年,1623年 (55岁),,,人类,男,,红色,
天狼星·布莱克一世,天狼星·布莱克一世,1845年,1853年(8岁),纯血统,单身,人类,男,,棕色,
拉弗恩·德·蒙莫朗西,拉弗恩·德·蒙莫朗西,1823年，英国或爱尔兰,1893年 (70岁),,,人类,女,,,
克里斯平·克朗克,克里斯平·克朗克,1795年,1872年 (77岁),,,人类,男,,红色,
秋·张,秋·张,1978年9月1日至1979年8月31日,,纯血统或混血统,已婚,人类,女,,黑色,
博蒙特·马奇班克斯,博蒙特·马奇班克斯,1742年,1845年 (103岁),,,人类,男,,灰色,
罗恩·韦斯莱,罗恩·韦斯莱,1980年3月1日奥特里·圣卡奇波尔村，英格兰,,纯血统,已婚(2017年时),人类,男,5'9,红,蓝
乔治·韦斯莱,乔治·韦斯莱,1978年4月1日，英国,,纯血统,已婚,人类,男,,红色,棕色
扎卡赖斯·史密斯,扎卡赖斯·史密斯,介于1979年9月2日和1983年9月1日之间于英国出生,,纯血统或混血统,,人类,男,,黄色,
金妮·韦斯莱,金妮·韦斯莱,1981年8月11日,,纯血统,已婚 (2014年时),人类,女,,火红,褐色
安东尼·戈德斯坦,安东尼·戈德斯坦,约1979年－1980年,,纯血统或混血统,,人类,男,,,
弗雷德·韦斯莱,弗雷德·韦斯莱,1978年4月1日，英国,1998年5月2日 (20岁)霍格沃茨城堡，苏格兰，英国,纯血统,单身,人类,男,,红色,棕色
厄尼·麦克米兰,厄尼·麦克米兰,1980年4月22日至1980年9月1日间英国,,纯血统,,人类,男,,金色,
泰瑞·布特,泰瑞·布特,约1979年或1980年，英国,,混血统或纯血统,,人类,男,,棕色,
泽维尔·拉斯特里克,泽维尔·拉斯特里克,1750年,1836年 (失踪，86岁)佩恩斯威克，格洛斯特郡，英格兰,,,人类,男,,灰色,
格里弗·波凯比,格里弗·波凯比,1750年,1839年 (89岁),,,人类,男,,淡黄色,
汉娜·艾博,汉娜·艾博,约1979年至1980年，英国或爱尔兰,,混血统,已婚,人类,女,,金色,棕色
卢娜·洛夫古德,卢娜·洛夫古德,1981年2月13日英国,,纯血统或混血统,已婚,人类,女,,脏金色,浅银白色
格洛弗·希普沃思,格洛弗·希普沃思,1742年,1805年 (63岁),,,人类,男,,,
莫瑞根,莫瑞根,爱尔兰,,纯血统,,人类,女,,,
法尔科·艾萨伦,法尔科·艾萨伦,古希腊,,,,人类,男性,,棕色,
克丽奥娜,克丽奥娜,中世纪，爱尔兰,中世纪,,,人类,女,,,
米勒娃·麦格,米勒娃·麦格,1935年10月4日，凯思内斯郡，苏格兰，英国,,混血统,丧偶 (自1985年),人类,女,,黑色,绿色
多洛雷斯·乌姆里奇,多洛雷斯·乌姆里奇,8月26日,,混血统,,人类,女,矮，小于5英尺,灰褐色 (曾经)铁灰色,棕色
雅各布·科瓦尔斯基,雅各布·科瓦尔斯基,1900年前后波兰,,麻鸡,单身,人类,男,,,
韦伯·布特,韦伯·布特,约1620年，爱尔兰,英国,混血统或纯血统,已婚,人类,男,,,
布特兄弟的母亲,布特兄弟的母亲,,17世纪20年代中期至30年代初,,,人类,女,,,
丽塔·斯基特,丽塔·斯基特,约1951年,,纯血统或混血统,单身,人类,女,,金色,
厄恩·普兰,厄恩·普兰,,,,,人类,男,,白色,蓝色
罗伊斯顿·埃德温德,罗伊斯顿·埃德温德,早于1949年澳大利亚，大洋洲,,,,人类,男,,,
芬里尔·格雷伯克,芬里尔·格雷伯克,早于1945年,,混血统,,人类 (曾经)狼人,男,,灰色,蓝色
达力·德思礼,达力·德思礼,1980年6月23日,,麻瓜,已婚,人类,男,,金色,蓝色
山口隆一,山口隆一,晚于1976年,,,,人类,,,,
厄克特,厄克特,约1984年或更早,,,,人类,男,,,
贡萨洛·弗洛雷斯,贡萨洛·弗洛雷斯,晚于1976年,,,,人类,男,,,
若久耀西,若久耀西,晚于1976年,,,,人类,,,,
邹衍,邹衍,前4世纪中国,,,,人类,男,,黑色,
费尔南多·迪亚兹,费尔南多·迪亚兹,晚于1976年,,,,人类,男,,,
托尼·席尔瓦,托尼·席尔瓦,晚于1976年,,,,人类,男,,,
拉斐尔·桑托斯,拉斐尔·桑托斯,晚于1976年,,,,人类,男,,,
埃洛迪·登贝莱,埃洛迪·登贝莱,1995年4月14日至1996年4月13日期间。,,,,人类,女,,,
轰木,轰木,晚于1976年,,,,人类,,,,
劳尔·阿尔梅达,劳尔·阿尔梅达,晚于1976年,,,,人类,男,,,
亚历汉德拉·阿隆索,亚历汉德拉·阿隆索,晚于1976年,,,,人类,女,,,
瓦伦蒂娜·巴斯克斯,瓦伦蒂娜·巴斯克斯,阿根廷,,,,人类,女,,,
佐藤典子,佐藤典子,晚于1976年,,,,人类,女,,,
卡洛斯·科多阿尔多,卡洛斯·科多阿尔多,晚于1976年,,,,人类,男,,,
黑泽贵美子,黑泽贵美子,晚于1976年,,,,人类,,,,
莫迪丝蒂·巴瑞波恩的父亲,莫迪丝蒂·巴瑞波恩的父亲,,,,,人类,男,,,
雅各布·科瓦尔斯基的祖父,雅各布·科瓦尔斯基的祖父,,,麻鸡,,人类,男,,,
莫迪丝蒂·巴瑞波恩的兄弟姐妹,莫迪丝蒂·巴瑞波恩的兄弟姐妹,,,,,人类,,,,
莫迪丝蒂·巴瑞波恩的母亲,莫迪丝蒂·巴瑞波恩的母亲,,,,,人类,女,,,
雅各布·科瓦尔斯基的祖母,雅各布·科瓦尔斯基的祖母,,,麻鸡,,人类,女,,,
苏珊·布兰奇弗劳尔,苏珊·布兰奇弗劳尔,晚于1976年,,,,人类,女,,,
亨利,亨利,,,麻鸡,,人类,男,,,
查莉蒂·威尔金森,查莉蒂·威尔金森,,,,,人类,女,,,
伯纳黛特,伯纳黛特,,,,,人类,女,,黑色,棕色
巴克尔,巴克尔,,,麻瓜,,人类,男,,,
妖精爵士歌手,妖精爵士歌手,早于1926年,,,,妖精,女,,,
默西·沃德韦尔,默西·沃德韦尔,晚于1976年,,,,人类,女,,,
玛莎·斯图尔特二世,玛莎·斯图尔特二世,约1634年伊尔弗莫尼魔法学校，格雷洛克山，美国,,哑炮,已婚,人类,女,,,
老亨利·肖,老亨利·肖,,,麻鸡,,人类,男,,,
蒂亚戈·奎塔纳,蒂亚戈·奎塔纳,美国,晚于1930年,,,人类,男,,,
塞缪尔·G·寇豪格,塞缪尔·G·寇豪格,,,,,人类,男,,,
兰登·肖,兰登·肖,,,麻鸡,,人类,男,,,
卢卡斯·皮奎利,卢卡斯·皮奎利,晚于1976年,,,,人类,男,,,
伊丽莎白·麦吉利葛蒂,伊丽莎白·麦吉利葛蒂,早于1777年，美国,,,,人类,女,,,
约西亚·杰克森,约西亚·杰克森,早于1693年，美国,,,,人类,男,,,
索恩顿·哈卡威,索恩顿·哈卡威,早于1760年，美国,,,,人类,男,,,
约翰内斯·琼克尔,约翰内斯·琼克尔,,,麻鸡出身,,人类,男,,,
罗伯特·葛林斯汀奇,罗伯特·葛林斯汀奇,早于1693年，美国,,,,人类,男,,,
奎妮·戈德斯坦,奎妮·戈德斯坦,1902年至1909年间美国,,混血统,,人类,女,,金色,
阿森尼娅·冈萨雷斯,阿森尼娅·冈萨雷斯,晚于1976年,,,,人类,女,,,
艾吉尔伯特·冯塔纳,艾吉尔伯特·冯塔纳,,,,,人类,男,,,
宾利的妻子,宾利的妻子,,,麻瓜,已婚,人类,女,,,
宾利,宾利,,,麻瓜,已婚,人类,男,,,
埃斯波西托,埃斯波西托,,,,已婚,人类,女,,,
马克西·布兰奇三世,马克西·布兰奇三世,,,,,人类,男,,,
艾伯尔·弗莱明,艾伯尔·弗莱明,早于1776年，美国,,,,人类,男,,,
西奥菲勒斯·阿博特,西奥菲勒斯·阿博特,未知时间美国,,,,人类,男,,,
莫迪丝蒂·巴瑞波恩,莫迪丝蒂·巴瑞波恩,1917年12月至1918年12月间,,麻鸡,,人类,女,,金色,蓝色
维奥莱塔·博韦,维奥莱塔·博韦,新奥尔良，路易斯安那州，美国,,,,人类,女,,,
克莱登斯·巴瑞波恩,克莱登斯·巴瑞波恩,1907年12月8日至1908年12月6日间,,混血统或纯血统,,人类,男,,黑色,棕色
卡多根的孩子,卡多根的孩子,,,纯血统或混血统,,人类,,,,
卡斯帕·克劳奇,卡斯帕·克劳奇,,早于1995年,纯血统,已婚,人类,男,,,
博尔,博尔,约1977年,,纯血统或混血统,,人类,男,,黑色,
兰斯洛特 (治疗师),兰斯洛特 (治疗师),,,混血统或纯血统,,人类,男,,,
冈希尔达·尼恩,冈希尔达·尼恩,约12世纪,,,已婚,人类,女,,,
卡拉多克·迪尔伯恩,卡拉多克·迪尔伯恩,,1982年1月前后,,,人类,男,,,
伊芬,伊芬,,,麻瓜,,人类,女,,,
佩恩,佩恩,,,麻瓜,,人类,男,,,
伊格内修斯·普威特,伊格内修斯·普威特,,,纯血统,已婚,人类,男,,,
伊万斯姐妹的父亲,伊万斯姐妹的父亲,1942年或更早,1971年9月1日至1981年10月31日间,麻瓜,已婚,人类,男,,,
乌加,乌加,,,,,人类,男,,,
乔艾·詹肯斯,乔艾·詹肯斯,不晚于1977年,,,,人类,男,,,
丹尼斯,丹尼斯,约1980年,,麻瓜,,人类,男,,黑色,
莱桑德拉·亚克斯利,莱桑德拉·亚克斯利,,晚于1919年,纯血统,已婚,人类,女,,,
C.沃林顿,C.沃林顿,1977年或1978年，英国或爱尔兰,,,,人类,男,,,
鲍曼·赖特,鲍曼·赖特,1492年 (争议),1560年 (68岁) (争议),混血统,,人类,男,,黑色,蓝色
罗丝·韦斯莱,罗丝·韦斯莱,约2006年，英国,,混血统,,人类,女,,红色,
温迪克·温瑞迪安,温迪克·温瑞迪安,,,,,人类,男,,,
本吉·威廉姆斯,本吉·威廉姆斯,,,,,,男,,,
罗米达·万尼,罗米达·万尼,约1981年或1982年，英国,,,,人类,女,,黑色,深色
路易·韦斯莱,路易·韦斯莱,,,混血媚娃,,人类,男,,,
伊格内修斯·塔夫特,伊格内修斯·塔夫特,早于1942年,,纯血统或混血统,,人类,男,,,
多纳汉·特姆利特,多纳汉·特姆利特,1972年，英国或爱尔兰,,麻瓜出身,已婚,人类,男,,棕色,
杰克·斯劳珀,杰克·斯劳珀,早于1984年英国或爱尔兰,,,,人类,男,,,
伦纳德·斯潘塞-莫恩,伦纳德·斯潘塞-莫恩,早于1922年,,纯血统或混血统,,人类,男,,,
达摩克利斯·罗尔,达摩克利斯·罗尔,早于1701年,,纯血统,,人类,男,,,
罗夫·斯卡曼德,罗夫·斯卡曼德,,,纯血统或混血统,已婚,人类,男,,,
纽特·斯卡曼德的母亲,纽特·斯卡曼德的母亲,早于1880年 (可能),,,,人类,女,,,
S.卡珀,S.卡珀,20世纪70年代至80年代,,,,人类,,,,
卡图卢斯·斯潘格尔,卡图卢斯·斯潘格尔,18世纪,,,,人类,男,,,
查勒斯·波特,查勒斯·波特,,早于1981年10月31日,纯血统,已婚,人类,男,,,
艾琳·普林斯,艾琳·普林斯,,,纯血统或混血统,已婚,人类,女,,,
艾欧兰斯·佩弗利尔,艾欧兰斯·佩弗利尔,,,,已婚,人类,女,,,
珀尔修斯·帕金森,珀尔修斯·帕金森,早于1709年,,纯血统,,人类,男,,,
吉米·珀克斯,吉米·珀克斯,1983年，英国,,纯血统或混血统,,人类,男,,,
安克谢斯·奥斯博特,安克谢斯·奥斯博特,早于1772年,,纯血统或混血统,,人类,男,,,
伊格诺图斯·佩弗利尔的儿子,伊格诺图斯·佩弗利尔的儿子,,,纯血统,,人类,男,,,
伊万杰琳·奥平顿,伊万杰琳·奥平顿,早于1832年,,纯血统或混血统,,人类,女,,,
哈罗德·明彻姆,哈罗德·明彻姆,早于1958年,,,,人类,男,,,
卡思伯特·莫克里奇,卡思伯特·莫克里奇,早于1976年,,,,人类,男,,,
霍滕西亚·米里法特,霍滕西亚·米里法特,早于1824年,,纯血统或混血统,,人类,女,,,
爱洛伊丝·米德根的父亲,爱洛伊丝·米德根的父亲,,,纯血统，混血统或麻瓜出身,,人类,男,,,
卡特丽娜·麦克玛,卡特丽娜·麦克玛,,,,,人类,女,,,
米格安·麦克玛,米格安·麦克玛,,,混血统或纯血统,,人类,女,,,
布鲁图斯·马尔福,布鲁图斯·马尔福,,,纯血统,,,男,,,
杜戈尔·麦克布莱德,杜戈尔·麦克布莱德,,,,,人类,男,,,
吉姆·麦古,吉姆·麦古,,,麻瓜,,人类,男,,,
塞普蒂默斯·马尔福,塞普蒂默斯·马尔福,约18世纪,,纯血统,,人类,男,,,
洛肯·麦克莱德,洛肯·麦克莱德,早于1906年,,纯血统或混血统,,人类,男,,,
阿拉斯代尔·马多克,阿拉斯代尔·马多克,,,,,人类,男,,,
哈米什·麦克法兰,哈米什·麦克法兰,,,,,人类,男,,,
潘多拉·洛夫古德,潘多拉·洛夫古德,,1990年2月13日至1991年2月12日之间,,已婚,人类,女,,金色,银蓝色
安德鲁·柯克,安德鲁·柯克,,,,,人类,男,,,
拉道夫斯·莱斯特兰奇,拉道夫斯·莱斯特兰奇,早于1818年,,纯血统,,人类,男,,,
吉德罗·洛哈特,吉德罗·洛哈特,1964年1月26日,,混血统,单身 ,人类,男,,金色,蓝色
罗兰·凯格,罗兰·凯格,1903年,,,,人类,男,,金色,
波蒂厄斯·纳奇布尔,波蒂厄斯·纳奇布尔,早于1764年,,纯血统或混血统,,人类,男,,,
尤金尼娅·詹肯斯,尤金尼娅·詹肯斯,早于1951年,,,,人类,女,,,
戴西·胡克姆,戴西·胡克姆,1962年,,,已婚,人类,女,,红色,棕色
达芙妮·格林格拉斯,达芙妮·格林格拉斯,约1979年至1980年，英国或爱尔兰,,纯血统,,人类,女,,,
坦维斯尔·戈沙克,坦维斯尔·戈沙克,早于1921年,,,,人类,女,,,
罗伯特·希利亚德,罗伯特·希利亚德,1973年至1976年间,,,,人类,男,,,
加尔文·格杰恩,加尔文·格杰恩,,,,,人类,男,,,
赫斯菲斯托斯·戈尔,赫斯菲斯托斯·戈尔,早于1735年,,纯血统或混血统,,人类,男,,,
尤里克·甘普,尤里克·甘普,早于1690年,早于1996年,纯血统或混血统,,人类,男,,,
蒂娜·戈德斯坦,蒂娜·戈德斯坦,1901年8月19日美国,,混血统,已婚,人类,女,,,
海斯帕·甘普,海斯帕·甘普,,晚于1906年,纯血统,已婚,人类,女,,,
马洛·弗方,马洛·弗方,19世纪英格兰,,,,人类,男,,,
奥塔莱恩·甘布尔,奥塔莱恩·甘布尔,早于1810年,,纯血统或混血统,,人类,女,,,
埃德蒙·加德尔盖特的母亲,埃德蒙·加德尔盖特的母亲,,,麻瓜,,人类,女,,,
安布罗修·弗鲁姆,安布罗修·弗鲁姆,早于1970年，英国或爱尔兰,,,已婚,人类,男,,秃顶,
马库斯·弗林特,马库斯·弗林特,约1975年－1976年,,纯血统,,人类,男,,黑,
巴兹尔·弗莱克,巴兹尔·弗莱克,1735年之前,,纯血统或混血统,,人类,男,,,
乌尔苏拉·弗林特,乌尔苏拉·弗林特,,晚于1889年,纯血统,已婚,人类,女,,,
约瑟芬娜·弗林特,约瑟芬娜·弗林特,早于1802年,,纯血统,,人类,女,,,
鲁弗斯·福吉,鲁弗斯·福吉,1981年或更早,,,,人类,男,,,
阿切尔·埃弗蒙德,阿切尔·埃弗蒙德,早于1895年,,纯血统或混血统,,人类,男,,,
杰玛·法利,杰玛·法利,1973年9月1日至1976年8月31日间英国或爱尔兰,,,,人类,女,,,
赫克托·弗利,赫克托·弗利,早于1908年,,纯血统,,人类,男,,,
普里西拉·杜邦,普里西拉·杜邦,早于1838年,,纯血统或混血统,,人类,女,,,
阿不福思·邓布利多,阿不福思·邓布利多,约1884年英国或爱尔兰,,混血统,,人类,男,,灰色,亮蓝色
玛丽·卡特莫尔,玛丽·卡特莫尔,,,麻瓜出身,,人类,女,,黑色,
埃迪·卡米切尔,埃迪·卡米切尔,约1978年至1979年， 英国或爱尔兰,,,,人类,男,,,
凯文·布罗德莫,凯文·布罗德莫,早于1941年,,,,人类,,,,
卡尔·布罗德莫,卡尔·布罗德莫,早于1941年,,,,人类,男,,,
齐格蒙特·巴奇,齐格蒙特·巴奇,约16世纪，英国或爱尔兰,,,,人类,男,,,
维奥莱塔·伯斯德,维奥莱塔·伯斯德,,晚于1920年,纯血统,已婚,人类,女,,,
艾伯特·布特,艾伯特·布特,早于1730年,,纯血统或混血统,,人类,男,,,
诺维尔·贝泽尔科,诺维尔·贝泽尔科,,,,单身,人类,男,,,
卡莉朵拉·布莱克,卡莉朵拉·布莱克,1915年,,纯血统,已婚,人类,女,,,
丹尼斯·毕肖普,丹尼斯·毕肖普,,,麻瓜,,人类,男,,,
卢多·巴格曼的父亲,卢多·巴格曼的父亲,,,纯血统或混血统,,人类,男,,,
艾米·本森,艾米·本森,,,麻瓜,,人类,女,,,
卢多·巴格曼,卢多·巴格曼,早于1964年 (可能),,纯血统或混血统,,人类,男,,金黄色,
巴巴吉德·阿金巴德,巴巴吉德·阿金巴德,时间未知，非洲,,,,人类,男,,,
哈巴德大娘,哈巴德大娘,中世纪,中世纪,,,母夜叉,女,,,
哈桑·穆斯塔发,哈桑·穆斯塔发,,,,,人类,男,矮小,秃顶,
海因里希·埃伯斯塔,海因里希·埃伯斯塔,瑞士,,,,人类,男,,棕色,棕色
拉迪斯洛·扎莫斯基,拉迪斯洛·扎莫斯基,,,,,人类,男,,,
加布丽·德拉库尔,加布丽·德拉库尔,约1986年,,混血媚娃,,四分之一媚娃血统,女,,银亮,湛蓝
瑟斯,瑟斯,古希腊,,,,人类,女,,黑色,棕色
无敌的安得罗斯,无敌的安得罗斯,古希腊,,,,人类,男,,红色,
芭芭雅嘎,芭芭雅嘎,中世纪,中世纪,,,母夜叉,女,,,
布鲁诺·施密特,布鲁诺·施密特,德国,,混血统或纯血统,,,男,,,
迪米特洛夫,迪米特洛夫,,,,,人类,男,,,
佐格拉夫,佐格拉夫,,,,,人类,男,,,
奥托·奥博梅尔,奥托·奥博梅尔,,,,,人类,男,,,
内丽达·沃卡诺娃,内丽达·沃卡诺娃,早于1294年，保加利亚,,,,人类,女,,,
奥特马尔·弗里克,奥特马尔·弗里克,,,,,人类,男,,,
格奥尔基·兹德拉夫科,格奥尔基·兹德拉夫科,晚于1976年,,,,人类,男,,,
沃尔科夫,沃尔科夫,,,,,人类,男,,,
波里斯·沃卡诺夫,波里斯·沃卡诺夫,晚于1976年,,,,人类,男,,,
莱弗斯基,莱弗斯基,早于1977年，保加利亚,,,,人类,男,,,
沃卡诺夫,沃卡诺夫,,,,,人类,男,,,
尼古拉·瓦西勒娃,尼古拉·瓦西勒娃,晚于1976年,,,,人类,女,,,
斯托扬卡·格罗兹达,斯托扬卡·格罗兹达,晚于1976年,,,,人类,,,,
卡尔·王,卡尔·王,晚于1976年,,,,人类,男,,,
约瑟夫·朗斯基,约瑟夫·朗斯基,,,,,人类,男,,,
拉尔斯·伦德克万,拉尔斯·伦德克万,晚于1976年,,,,人类,男,,,
抑扬诗人因戈尔夫,抑扬诗人因戈尔夫,,,,,人类,男,,,
皮埃尔·波拿库德,皮埃尔·波拿库德,,,,,人类,男,,,
布特兄弟的父亲,布特兄弟的父亲,,17世纪20年代中期至30年代初,,,人类,男,,,
芙蓉·德拉库尔,芙蓉·德拉库尔,约1977年，法国,,混血媚娃,已婚,四分之一媚娃四分之三人类,女,,银亮,湛蓝
查威克·布特,查威克·布特,约1618年，爱尔兰,,混血统或纯血统,已婚,人类,男,,,
爱洛伊丝·敏塔布,爱洛伊丝·敏塔布,,1899年圣芒戈魔法伤病医院，伦敦,,,人类,女,,,
赫敏·格兰杰,赫敏·格兰杰,1979年9月19日英国,,麻瓜出身,已婚 (2017年时),人类,女性,,棕色、浓密,棕色
蒙太,蒙太,"早于1981年,英国或爱尔兰",,,,人类,男,,,
马尔科姆·巴多克,马尔科姆·巴多克,约1982年至1983年英国或爱尔兰,,,,人类,男,,,
汉博尔敦·奎因斯,汉博尔敦·奎因斯,1936年,,,,人类,男,,灰色,蓝色
普里姆珀内尔,普里姆珀内尔,,,,,人类,女,,,
曼蒂·布洛贺,曼蒂·布洛贺,1979年9月1日至1980年8月31日间英国或爱尔兰,,混血统,,人类,女,,,
伊尔凡·赖斯,伊尔凡·赖斯,晚于1976年,,,,人类,男,,,
罗尔斯顿·波特,罗尔斯顿·波特,早于1595年,,,,人类,男,,,
皮皮鬼,皮皮鬼,超越生死,,,,恶作剧精灵,男,,黑色,黑色
哈利·波特,哈利·波特,1980年7月31日，戈德里克山谷，英格兰西南部，英国,,混血统,已婚,人类,男,,乌黑,翠绿
钱伯斯,钱伯斯,,,,,人类,男,,,
亨利·波特,亨利·波特,早于1896年,,,,人类,男,,,
莉莎·杜平,莉莎·杜平,约1979年-1980年，英国或爱尔兰,,,,人类,女,,,
米里森·巴格诺,米里森·巴格诺,早于1963年,,,,人类,女,,,
西比尔·特里劳尼,西比尔·特里劳尼,3月9日，英国或爱尔兰,,混血统,离异,人类 (先知),女,,,
斯图尔特·阿克利,斯图尔特·阿克利,约1982年至1983年,,,,人类,男,,,
哈德温·波特,哈德温·波特,,,,已婚,人类,男,,,
布拉德利,布拉德利,早于1983年,,,,人类,,,,
阿不思·西弗勒斯·波特,阿不思·西弗勒斯·波特,2005年9月1日至2006年8月31日间，英国,,混血统,,人类,男,,乌黑,亮绿色
埃莫雷特·皮卡迪,埃莫雷特·皮卡迪,,,,,人类,男,,,
怪人尤里克,怪人尤里克,982年或更晚,,,,人类,男,,白色,蓝色
伊格诺图斯·佩弗利尔,伊格诺图斯·佩弗利尔,时间未知戈德里克山谷，英格兰西南部,时间未知戈德里克山谷，英格兰西南部,纯血统,已婚,人类,男,,棕色,
达伦·奥黑尔,达伦·奥黑尔,,,,,人类,男,,,
杜戈尔·麦格雷格的父亲,杜戈尔·麦格雷格的父亲,,,麻瓜,,人类,男,,,
哈方·蒙特,哈方·蒙特,,,,,人类,男,,,
老罗伯特·麦格的父亲,老罗伯特·麦格的父亲,,,麻瓜,,人类,男,,,
托基尔·麦克塔维什,托基尔·麦克塔维什,年代未知，苏格兰,,,,人类,男,,金色,
杜戈尔·麦格雷格的岳父,杜戈尔·麦格雷格的岳父,,,麻瓜,,人类,男,,,
小罗伯特·麦格,小罗伯特·麦格,约20世纪30年代或40年代,,混血统,,人类,男,,,
老罗伯特·麦格,老罗伯特·麦格,,,麻瓜,已婚,人类,男,,,
艾丹·林齐,艾丹·林齐,,,,,人类,男,,,
马尔科姆·麦格,马尔科姆·麦格,1935年至1947年间,,混血统,,人类,男,,,
穆斯塔法·卡玛,穆斯塔法·卡玛,早于1884年,1896年至1901年间,纯血统,丧偶,人类,男,,,
杰基·杰尼根,杰基·杰尼根,晚于1976年,,,,人类,男,,,
吉姆·汉密尔顿,吉姆·汉密尔顿,1982年11月17日斯温顿，威尔特郡，英格兰,,哑炮,,人类,男,,,
戴伊·卢埃林,戴伊·卢埃林,,,,,人类,男,,,
默顿·格雷维斯,默顿·格雷维斯,1978年,,,,人类,男,,棕色,
戈德里克·格兰芬多,戈德里克·格兰芬多,中世纪戈德里克山谷，英格兰,中世纪,,,人类,男,,红色,绿色
斯图亚特·霍格,斯图亚特·霍格,1992年6月24日梅尔罗斯，苏格兰边区,,,,人类,男,,,
达伦·弗洛伊德,达伦·弗洛伊德,晚于1976年,,,,人类,男,,,
德拉戈米尔·高尔格维奇,德拉戈米尔·高尔格维奇,,,,,人类,男,,,
若昂·科埃略,若昂·科埃略,早于1999年，南美洲,,,,人类,男,,,
埃德蒙·加德尔盖特,埃德蒙·加德尔盖特,,,麻瓜,,人类,男,,,
德克,德克,,,麻瓜,,人类,男,,,
兰科罗斯·卡尔佩,兰科罗斯·卡尔佩,,,,,人类,男,,,
卢卡斯·巴吉沃西,卢卡斯·巴吉沃西,早于1860年,,,,人类,男,,,
鲁道夫·布兰德,鲁道夫·布兰德,,,,,人类,男,,,
阿斯托里亚·格林格拉斯,阿斯托里亚·格林格拉斯,1981年9月1日至1982年8月31日间英国,,纯血统,已婚,人类,女,,,
利巴修·波拉奇,利巴修·波拉奇,早于1946，南美洲,,,,人类,男,,,
凯利·布朗,凯利·布朗,1982年6月8日爱丁堡，苏格兰,,哑炮,,人类,男,,,
莫恩,莫恩,1979年9月2日至1980年9月1日间英国或爱尔兰,,,,人类,,,,
肯尼思·托勒,肯尼思·托勒,1977年至1978年间,,,,人类,男,,,
莎莉安·波克斯,莎莉安·波克斯,1979年9月1日至1980年8月31日间,,,,人类,女,,,
莫拉格·麦克道格,莫拉格·麦克道格,约1979年至1980年，英国或爱尔兰,,,,人类,女,,,
希思科特·巴巴里,希思科特·巴巴里,1974年,,,,人类,男,,,
爱洛伊丝·米德根,爱洛伊丝·米德根,早于1983年，英国或爱尔兰,,,,人类,女,,,
斯特宾斯 (1960年代),斯特宾斯 (1960年代),1960年，英国或爱尔兰,,,,人类,,,,
梅林达·波宾,梅林达·波宾,1985年或更早,,纯血统或混血统,,人类,女,,,
米兰达·戈沙克,米兰达·戈沙克,1921年，英国或爱尔兰,,,,人类,女,,灰色,蓝色
戴维·格杰恩,戴维·格杰恩,约20世纪60年代,,,,人类,男,,,
瓦赛,瓦赛,约1984年或更早,,,,人类,男,,黑色,
梅林,梅林,中世纪，英国,,,,人类,男,,,
埃尔德·沃普尔,埃尔德·沃普尔,早于1970年,,,,人类,男,,,
哈罗德·丁戈,哈罗德·丁戈,20世纪79年代末或80年代初,,,,人类,男,,,
德里安·普塞,德里安·普塞,1977年9月1日至1979年8月31日间英国或爱尔兰,,,,人类,男,,,
德雷克,德雷克,约1981年－1982年,,,,人类,男,,,
德里克,德里克,约1976年－1977年,,,,人类,男,,,
哈珀,哈珀,约1980年－1981年,,,,人类,男,,深色,
安多米达·唐克斯,安多米达·唐克斯,1951-1955年之间，英国,,纯血统,守寡,人类,女,,浅棕色,深色
戴西·彭尼德,戴西·彭尼德,约18世纪,,,,人类,女,,,
帕翠霞·斯廷森,帕翠霞·斯廷森,1977年至1978年间,,,,人类,女,,,
弗里德瓦法,弗里德瓦法,,1931年至1996年之间,,,巨人,女,,,
尼古拉·韦尔斯,尼古拉·韦尔斯,20世纪80年代或90年代 (可能),,,,人类,女,,,
怪人温德林,怪人温德林,未知,中世纪,,,人类,女,,,
密德莉,密德莉,,,麻鸡,,人类,女,,金色,蓝色
尤普拉西娅·摩尔,尤普拉西娅·摩尔,早于1859年,,,,人类,女,,,
女贞路7号的房主,女贞路7号的房主,,,麻瓜,,人类,女,,,
威尔达·格里思,威尔达·格里思,,,,,人类,女,,,
奥黛丽·韦斯莱,奥黛丽·韦斯莱,,,,已婚,人类,女,,,
奥罗拉·辛尼斯塔,奥罗拉·辛尼斯塔,早于1974年,,纯血统或混血统,,人类,女,,,
威尔米娜·格拉普兰,威尔米娜·格拉普兰,,,,,人类,女,,灰色,
奥利夫·洪贝,奥利夫·洪贝,约1920年代或1930年代，英国或爱尔兰,,,,人类,女,,,
奥拉·奎尔克,奥拉·奎尔克,约1982年至1983年，英国或爱尔兰,,,,人类,女,,,
塞德瑞拉·布莱克,塞德瑞拉·布莱克,1915年至1919年初之间,1950年至1996年间,纯血统,已婚,人类,女,,,
埃尔希·珀德,埃尔希·珀德,,,,丧偶,人类,女,,,
吉德罗·洛哈特的姐姐,吉德罗·洛哈特的姐姐,早于1964年,,带有巫师血统的麻瓜,,人类,女,,,
佩妮·德思礼,佩妮·德思礼,早于1960年，英国,,麻瓜,已婚,人类,女,,金色,
Z.内特尔斯,Z.内特尔斯,,,,,人类,女,,,
周雅,周雅,,,,,人类,女,,黑色,棕色
号哭寡妇,号哭寡妇,,早于1992年,,丧偶,人类 (曾经)幽灵,女,,,
劳伦希娅·弗莱特沃克,劳伦希娅·弗莱特沃克,1947年,,,,人类,女,,棕色,棕色
罗克珊·韦斯莱,罗克珊·韦斯莱,,,纯血统或混血统,,人类,女,,,
多米尼克·韦斯莱,多米尼克·韦斯莱,2000年代英国或法国,,混血媚娃,,人类 (有媚娃血统),女,,,
塞蒂娜·沃贝克的母亲,塞蒂娜·沃贝克的母亲,,,麻瓜,已婚,人类,女,,,
雷欧娜·斯图尔特,雷欧娜·斯图尔特,约1634年伊尔弗莫尼城堡，格雷洛克山，马萨诸塞州，美国,,混血统,未婚,人类,女,,,
亨利·波特的母亲,亨利·波特的母亲,,,纯血统,,人类,女,,,
塞蒂娜·沃贝克,塞蒂娜·沃贝克,1917年8月18日威尔士,,混血统,已婚,人类,女,,黑色,
老罗伯特·麦格的母亲,老罗伯特·麦格的母亲,,,麻瓜,,人类,女,,,
伊丽莎白·斯马奇林,伊丽莎白·斯马奇林,14世纪中后期,,,,人类,女,,,
瓦尔梅·摩根,瓦尔梅·摩根,,,,,人类,女,,,
纳波·伯尼卡,纳波·伯尼卡,1992年5月21日至1993年5月20日之间,,,,人类,男,,,
格韦诺格·琼斯,格韦诺格·琼斯,1968年，英国或爱尔兰,,,,人类,女,,深棕色,棕色
杜戈尔·麦格雷格的妻子,杜戈尔·麦格雷格的妻子,,,麻瓜,已婚,人类,女,,,
洛肯·德意斯,洛肯·德意斯,1964年,,,,混血吸血鬼,男,,黑色,蓝色
特罗卡,特罗卡,,,,,吸血鬼,男,,,
胖墩勃德曼,胖墩勃德曼,,,,,人类,男,,可能为黑色,
拉环,拉环,早于1990年,,,,妖精,男,,,黑色
吉迪翁·克拉姆,吉迪翁·克拉姆,1975年,,,,人类,男,,棕色,蓝色
鲁伯·海格,鲁伯·海格,1928年12月6日迪安森林，英格兰西南部，英国,,混血巨人,单身,半人类/半巨人,男,,黑色,黑色
柯利·杜克,柯利·杜克,1971年,,混血统或纯血统,,人类,男,,黑色,
迈伦·瓦格泰尔,迈伦·瓦格泰尔,1970年,,,,人类,男,,棕色,绿色
玛姬·德思礼,玛姬·德思礼,早于1954年,,麻瓜,单身,人类,女,,,
赫尔曼·温廷汉姆,赫尔曼·温廷汉姆,约1974年,,,,人类,男,,金色,
默库斯,默库斯,早于1994年,,,,塞尔基 (人鱼),女,,绿色,黄色
布拉迪温·布拉德,布拉迪温·布拉德,1923年,,,,吸血鬼,男,,,
厄文·瓦布尔,厄文·瓦布尔,,,,已婚,人类,男,,,
奥尔西诺·斯拉斯顿,奥尔西诺·斯拉斯顿,1976年,,,,人类,男,,,
格洛普,格洛普,1931年至1995年间,,,未婚,巨人,男,16英尺,棕色,棕绿色
上巴恩顿的汉吉斯,上巴恩顿的汉吉斯,,不晚于1441年,,,巨人,男,,,
菲尼亚斯·布莱克,菲尼亚斯·布莱克,1878年至1883年之间,早于1996年,纯血统,,人类,男,,,
马格纳斯·麦克唐纳,马格纳斯·麦克唐纳,早于20世纪60年代,晚于20世纪60年代,,,人类,男,,,
玛丽·多尔金,玛丽·多尔金,,,麻瓜,,人类,女,,,
赫尔伯特·斯普林,赫尔伯特·斯普林,,,,,人类,男,,,
汤姆,汤姆,早于1920年,,,,人类,男,,秃顶,
塞蒂娜·沃贝克的第一任丈夫,塞蒂娜·沃贝克的第一任丈夫,,,,离异,人类,男,,,
贝蒂·博特,贝蒂·博特,1935年，英国,,,,人类,男,,,
比尔·韦斯莱,比尔·韦斯莱,1970年11月29日英格兰，英国,,纯血统,已婚,带点狼人特性的人类,男,,红色,蓝色
特洛伊,特洛伊,,,,,人类,男,,,
维基·弗罗比舍,维基·弗罗比舍,早于1983年，英国或爱尔兰,,,,人类,女,,,
莫兰,莫兰,,,,,人类,女,,,
约塞利德·瓦德考克,约塞利德·瓦德考克,1911年,,,,人类,女,,棕色,
杰弗里·胡珀,杰弗里·胡珀,早于1983年英国或爱尔兰,,,,人类,男,,,
格韦诺格,格韦诺格,11世纪,,,,人类,女,,,
查理·韦斯莱,查理·韦斯莱,1972年12月12日英格兰，英国,,纯血统,单身,人类,男,,红色,
帕金 (追球手II),帕金 (追球手II),早于1422年,,,,人类,,,,
帕金 (守门员),帕金 (守门员),早于1422年,,,,人类,,,,
帕金 (追球手III),帕金 (追球手III),早于1422年,,,,人类,,,,
帕金 (追球手I),帕金 (追球手I),早于1422年,,,,人类,,,,
帕金 (找球手),帕金 (找球手),早于1422年,,,,人类,,,,
帕金 (击球手I),帕金 (击球手I),早于1422年,,,,人类,,,,
帕金 (击球手II),帕金 (击球手II),早于1422年,,,,人类,,,,
奎格利,奎格利,,,,,人类,男,,,
奥利弗·伍德,奥利弗·伍德,约1975年-1976年，英国或爱尔兰,,纯血统或混血统,,人类,男,,棕色,棕色
巴里·瑞安,巴里·瑞安,爱尔兰,,,,人类,男,,,
蒂尔登·图茨,蒂尔登·图茨,1959年,,,已婚,人类,男,,棕色,蓝色
泰德,泰德,,,麻瓜,,人类,男,,,
斯廷奇库姆的林弗雷德,斯廷奇库姆的林弗雷德,,,,,人类,男,,,
莫迪丝蒂·拉布诺,莫迪丝蒂·拉布诺,,,,,人类,女,,,
萨姆森·威布林,萨姆森·威布林,1430年在世,,,,人类,男,,,
班迪克,班迪克,中世纪,,麻瓜,,人类,男,,,
亚瑟·韦斯莱,亚瑟·韦斯莱,1950年2月6日英国或爱尔兰,,纯血统,已婚,人类,男,,红色,
威尔伯特·斯林卡,威尔伯特·斯林卡,早于1978年,,,,人类,男,,,
财政大臣,财政大臣,,,麻瓜,,人类,,,,
福洛林·福斯科,福洛林·福斯科,,1996年,纯血统或混血统,,人类,男,,,
霍格沃茨家养小精灵,霍格沃茨家养小精灵,早于1990年,,,,家养小精灵,男和女,,,又大又蓝
格兰达·奇托克,格兰达·奇托克,1964年,,,,人类,女,,,
法里斯·斯帕文,法里斯·斯帕文,1756年,晚于1903年 (147岁以上),纯血统或混血统,,人类,男,,,
诺比·利奇,诺比·利奇,早于1945年,,麻瓜出身,,人类,男,,,
贝内迪塔·多拉多,贝内迪塔·多拉多,时间未知，南美洲,,,,人类,女,,,
威基·泰克罗斯,威基·泰克罗斯,早于1979年,,,,人类,男性,,纤细,
阿莫斯·迪戈里,阿莫斯·迪戈里,,,纯血统或混血统,已婚,人类,男,高,棕色,
塞蒂娜·沃贝克的父亲,塞蒂娜·沃贝克的父亲,,,,已婚,人类,男,,,
索尔·克罗克,索尔·克罗克,,,,,人类,男性,,,
阿诺德·皮斯古德,阿诺德·皮斯古德,早于1976年,,,,人类,男,,,
奥古斯特·卢克伍德,奥古斯特·卢克伍德,,,纯血统或混血统,,人类,男,,,
菲波斯·彭罗斯,菲波斯·彭罗斯,,,,,人类,男,,,
托福迪,托福迪,19世纪 (可能),,,,人类,男,,头发很少,
芭斯谢达·巴布林,芭斯谢达·巴布林,早于1976年,,,,人类,女,,,
莫迪克斯·埃格,莫迪克斯·埃格,早于1963年,,,,人类,男,,棕色,深色
格丝尔达·玛奇班,格丝尔达·玛奇班,早于19世纪末,,,,人类,女,,,
阿基·阿尔德顿,阿基·阿尔德顿,,,纯血统或混血统,,人类,男,,,
鲍勃·奥勒敦,鲍勃·奥勒敦,早于1926年,,,,人类,男性,,,
巴纳比·奥勒敦,巴纳比·奥勒敦,早于1926年,,,,人类,男,,,
比尔·奥勒敦,比尔·奥勒敦,早于1926年,,,,人类,男,,,
德夫林·怀特霍恩,德夫林·怀特霍恩,1945年,,,,人类,男,,棕色,蓝色
埃布尔·巴德摩,埃布尔·巴德摩,早于1923年,,,,人类,男,,,
阿格斯·费尔奇,阿格斯·费尔奇,早于1960年代,,哑炮,,人类,男,,花白（稀疏）,苍白
德文特·辛普林,德文特·辛普林,1912年,,,,人类,男,,棕色,棕色
梅莲姆·斯特劳,梅莲姆·斯特劳,,,,,人类,女,,,
希伯克拉特·斯梅绥克,希伯克拉特·斯梅绥克,早于1977年,,,,人类,男,,,
诗翁彼豆,诗翁彼豆,约克郡，英格兰，约15世纪,,,,人类,男,,,
法布斯特,法布斯特,,,麻瓜,,人类,男,,,
格丽塔·卡奇洛夫,格丽塔·卡奇洛夫,1960年,,,,人类,女,,金色,
秋·张的丈夫,秋·张的丈夫,,,麻瓜,,人类,男,,,
布鲁图斯·斯克林杰,布鲁图斯·斯克林杰,,,,,人类,男,,,
布伦海姆·斯托克,布伦海姆·斯托克,1920年,,,,人类,男,,灰色,
布莱姆·斯托克,布莱姆·斯托克,,,麻瓜,,人类,男,,,
雅各布·科瓦尔斯基的领班,雅各布·科瓦尔斯基的领班,,,麻瓜,,人类,男,,,
塞蒂娜·沃贝克的第二任丈夫,塞蒂娜·沃贝克的第二任丈夫,,,,离异,人类,男,,,
铁路风景旅馆的老板娘,铁路风景旅馆的老板娘,,,麻瓜,,人类,女,,,
爬虫馆的管理员,爬虫馆的管理员,,,麻瓜,,人类,男,,,
纸店女孩,纸店女孩,,,麻瓜,,人类,女,,,
恶怪埃格伯特,恶怪埃格伯特,中世纪,中世纪,,,人类,男,,,
格斯帕德·辛格顿,格斯帕德·辛格顿,1959年,,,,人类,男性,,银色,绿色
米拉贝拉·普伦基特,米拉贝拉·普伦基特,1839年,,,,人类,女,,红色,蓝色
莫丽·韦斯莱二世,莫丽·韦斯莱二世,2000年代,,,,,女,,,
莱桑德·斯卡曼德,莱桑德·斯卡曼德,2008年至2014年间,,纯血统或混血统,,人类,男,,,
马尔科姆,马尔科姆,约1980年代,,麻瓜,,人类,男,,,
杰纳斯·西奇的孩子,杰纳斯·西奇的孩子,,,纯血统或混血统,,人类,,,,
洛肯·斯卡曼德,洛肯·斯卡曼德,2008年至2014年间,,纯血统或混血统,,人类,男,,,
詹姆·小天狼星·波特,詹姆·小天狼星·波特,2003年9月1日至2004年8月31日之间,,混血统,,人类,男,,黑色,褐色
尤安·阿伯克龙比,尤安·阿伯克龙比,约1983年至1984年，英国,,,,人类,男,,,
斯科皮·马尔福,斯科皮·马尔福,2005年9月1日至2006年8月31日间英国,,纯血统,,人类,男,,淡黄色,灰色
纳塔丽·麦唐纳,纳塔丽·麦唐纳,约1982年至1983年，英国或爱尔兰,,,,人类,女性,,,
莉莉·卢娜·波特,莉莉·卢娜·波特,2007年9月1日和2008年8月31日之间，英国,,混血统,,人类,女,,红,浅棕
雨果·韦斯莱,雨果·韦斯莱,约2007年或2008年，英国,,混血统,,人类,男,,棕色,蓝色
埃里克·华莱,埃里克·华莱,,,,,人类,男,,,
戈登,戈登,约1979年或1980年,,麻瓜,,人类,男,,金色,
斯特宾斯 (1980年代),斯特宾斯 (1980年代),约1980年或更早,,,,人类,男,,金黄色,
马克·伊万斯,马克·伊万斯,约1985年,,麻瓜,,人类,男,,,
蒂莫西·布伦金索普,蒂莫西·布伦金索普,约1976年,,,,人类,男,,,
格丝尔达·乔金斯,格丝尔达·乔金斯,1998年12月6日,,,,人类,女,,,
邓巴·奥格尔索普,邓巴·奥格尔索普,1968年,,,,人类,男,,棕色,蓝色
埃格蒙特·霍布德,埃格蒙特·霍布德,1998年11月30日,,纯血统或混血统,,人类,男,,,
若库达·塞克斯,若库达·塞克斯,1915年,,,,人类,女,,金黄色,蓝色
比尔·韦斯莱的巴西笔友,比尔·韦斯莱的巴西笔友,早于20世纪80年代，南美洲,,,,人类,男,,,
德姆斯特朗女生,德姆斯特朗女生,,,纯血统或混血统,,人类,女,,,
宾利的秘书,宾利的秘书,,,麻鸡,,人类,女,,,
塔奎因·麦克塔维什的邻居,塔奎因·麦克塔维什的邻居,,,麻瓜,,人类,,,,
吊死鬼酒馆的老板,吊死鬼酒馆的老板,,,麻瓜,,人类,男,,,
两个小女巫,两个小女巫,约1991年,,,,人类,女,,,
不知名的九岁男孩,不知名的九岁男孩,约1988年,,,,人类,男,,,
约拉·布莱克,约拉·布莱克,1847年至1850年间,,纯血统,已婚,人类,女,,,
塞普蒂默斯·韦斯莱,塞普蒂默斯·韦斯莱,,,纯血统,已婚,人类,男,,,
不知名的三把扫帚酒吧顾客,不知名的三把扫帚酒吧顾客,早于1993年,,,,,,,,
坎坦克卢斯·诺特,坎坦克卢斯·诺特,,,纯血统,,人类,男,,,
杜格德·麦克利沃,杜格德·麦克利沃,,未知,,,人类,男,,,
霍诺利亚,霍诺利亚,,,未知血统,单身,,女,,,
自称是阿基·阿尔德顿儿子的男巫,自称是阿基·阿尔德顿儿子的男巫,,,麻瓜出身或混血统,,人类,男,,,
特拉弗斯,特拉弗斯,,,纯血统,,人类,男,,灰色,
查勒斯·波特的儿子,查勒斯·波特的儿子,早于1977年,,纯血统,,人类,男,,,
莉塞特·德·拉潘,莉塞特·德·拉潘,早于1422年,,,,人类,女,,,
巴托罗缪·巴瑞波恩,巴托罗缪·巴瑞波恩,,,麻鸡,,人类,男,,,
康奈利·阿格丽芭,康奈利·阿格丽芭,1486年，德国,1535年 (49岁),,,人类,男,,棕色,
塔奎因·麦克塔维什,塔奎因·麦克塔维什,1955年,,,,人类,男,,红色,蓝色
马法尔达·霍普柯克,马法尔达·霍普柯克,,,纯血统或混血统,,人类,女,,灰色,淡褐色
卡洛塔·平克斯通,卡洛塔·平克斯通,1922年,,,,人类,女,,黑色,
斯坦·桑帕克,斯坦·桑帕克,1974年至1975年,,,,人类,男,,,
阿拉斯托·穆迪,阿拉斯托·穆迪,早于1961年英国,1997年7月27日英格兰南部,,单身,人类,男,,花白,一只为黑色，一只鲜明的亮蓝色
佩内洛·克里瓦特,佩内洛·克里瓦特,1976年9月1日至1977年8月31日之间英国或爱尔兰,,麻瓜出身者或混血统,,人类,女,,,
珀西瓦尔·格雷维斯,珀西瓦尔·格雷维斯,早于1909年,,,,人类,男,,黑色,黑色
巴希达·巴沙特,巴希达·巴沙特,早于1880年代英国或爱尔兰,早于1997年12月24日 (至少116岁)英国英格兰西南部戈德里克山谷,,,人类,女,,白色,
秋·张的父亲,秋·张的父亲,,,,已婚,,男,,,
拉蒙特,拉蒙特,,,,,人类,男,,,
鲍勃·希钦斯,鲍勃·希钦斯,,,麻瓜,已婚,人类,男,,,
特伦斯·希格斯,特伦斯·希格斯,约1970年代，英国或爱尔兰,,,,人类,男,,黑色,
鲍曼·赖特的父亲,鲍曼·赖特的父亲,,,麻瓜,,人类,男,,,
西莫·斐尼甘的父亲,西莫·斐尼甘的父亲,,,麻瓜,,人类,男,,,
赫蒂·贝利斯,赫蒂·贝利斯,,,麻瓜,,人类,女,,,
莉莎·史密斯,莉莎·史密斯,,,麻瓜,,人类,女,,,
梅森,梅森,,,麻瓜,已婚,人类,男,,,
弗农·德思礼,弗农·德思礼,早于1959年,,麻瓜,已婚,人类,男fen,,,蓝色
梅森的妻子,梅森的妻子,,,麻瓜,已婚,人类,女,,,
托比亚·斯内普,托比亚·斯内普,,,麻瓜,已婚,人类,男,,,
安格斯·弗利特,安格斯·弗利特,,,麻瓜,,人类,男,,,
吉德罗·洛哈特的父亲,吉德罗·洛哈特的父亲,,,麻瓜,,人类,男,,,
纳西莎·马尔福,纳西莎·马尔福,1955年英国,,纯血统,已婚,人類,女,,蒼白,藍色
摩根·勒·费伊,摩根·勒·费伊,,中世纪,,,人类,女,,,
萨拉查·斯莱特林,萨拉查·斯莱特林,中世纪,中世纪,纯血统,,人类,男,,灰色,灰色
拉奇迪恩,拉奇迪恩,,未知,,,人类,男,,,
卑鄙的海尔波,卑鄙的海尔波,古希腊,,,,人类,男,,白色,黄色
巴拿巴斯·德夫里尔,巴拿巴斯·德夫里尔,17世纪 (可能),,,,人类,男,,,
恶毒的梅尔文,恶毒的梅尔文,中世纪,中世纪,,,人类,男,,,黑色
德拉科·马尔福,德拉科·马尔福,1980年6月5日,,纯血统,已婚,人类,男性,,金色,灰色
卢修斯·马尔福,卢修斯·马尔福,1954年,,纯血统,已婚,人类,男,,金黄,灰
汤姆·里德尔,汤姆·里德尔,1926年12月31日伍氏孤儿院，伦敦,1998年5月2日 (71岁)礼堂，霍格沃茨城堡,混血统,单身,人类,男,,秃顶 (曾经为黑色),红色 (曾经为黑色)
恶魔埃默里克,恶魔埃默里克,中世纪,中世纪,,,人类,男,,,
科沃斯·莱斯特兰奇四世,科沃斯·莱斯特兰奇四世,早于1879年,早于1927年,纯血统,已婚,人类,男性,,,
盖勒特·格林德沃,盖勒特·格林德沃,约1883年,1998年3月 (约116岁)  纽蒙迦德,纯血统或混血统,单身 (前度爱人为阿不思·邓布利多),人类 (先知),男,约188㎝,金色,蓝色
贝拉特里克斯·莱斯特兰奇,贝拉特里克斯·莱斯特兰奇,1951年，英国,1998年5月2日 (47岁)礼堂，霍格沃茨城堡，苏格兰,纯血统,已婚,人类,女,,深色,深色
葛姆蕾·冈特,葛姆蕾·冈特,爱尔兰,约1634年,纯血统,未婚,人类,女,,,
安东宁·多洛霍夫,安东宁·多洛霍夫,早于20世纪50年代,,,,人类,男,,深色,棕色
马丁·米格斯,马丁·米格斯,,,麻瓜,,人类,男,,,
德古拉伯爵,德古拉伯爵,,,,,吸血鬼,男,,,
女巫追捕小分队队长,女巫追捕小分队队长,,,麻瓜,,人类,男,,,
格勒努,格勒努,,,,,人类,男,,,
奥塔维·佩珀,奥塔维·佩珀,,1997年春天 (可能),,,人类,男,,,
玛丽·麦克唐纳,玛丽·麦克唐纳,约1964年或更早，英国或爱尔兰,,麻瓜出身,,人类,女,,,
艾博,艾博,,早于1997年12月24日,,,,,,,
糊涂波里斯,糊涂波里斯,,早于1995年 (可能),,,人类,男,,黑色,
比利·斯塔布斯,比利·斯塔布斯,,,,,人类,男,,,
弗雷德·韦斯莱二世,弗雷德·韦斯莱二世,晚于2000年5月2日,,纯血统或混血统,,人类,男,,,
玛莎,玛莎,20世纪早期 (最有可能),,麻瓜,,人类,女,,,
尼古拉斯·马尔福,尼古拉斯·马尔福,,,纯血统,,人类,男,,,
哈方·隆巴顿,哈方·隆巴顿,,,纯血统,已婚,人类,男,,,
希利亚德·霍布德,希利亚德·霍布德,,,纯血统或混血统,,人类,男,,,
维奥莱塔·霍布德,维奥莱塔·霍布德,,,纯血统或混血统,,人类,女,,,
秋·张的母亲,秋·张的母亲,9月7日,,,已婚,人类,女,,,
沃尔特·帕金的孩子,沃尔特·帕金的孩子,约15世纪,,混血统或纯血统,,,4个男性3个女性,,,
罗伯茨,罗伯茨,,,麻瓜,,人类,男,,,
赫伯特·博克,赫伯特·博克,,,纯血统,已婚,人类,男,,,
塞蒂娜·沃贝克的儿子,塞蒂娜·沃贝克的儿子,,,混血统或哑炮,,人类,男,,,
