src_id,tag_id,rel_type
詹姆·斯图尔特,玛莎·斯图尔特,母亲
詹姆·斯图尔特,伊索特·塞耶,妻子
詹姆·斯图尔特,查威克·布特,养子
詹姆·斯图尔特,韦伯·布特,养子
詹姆·斯图尔特,玛莎·斯图尔特二世,女儿
詹姆·斯图尔特,雷欧娜·斯图尔特,女儿
伊索特·塞耶,威廉·塞耶,父亲
伊索特·塞耶,雷欧娜·塞耶,母亲
伊索特·塞耶,詹姆·斯图尔特,丈夫
伊索特·塞耶,查威克·布特,养子
伊索特·塞耶,韦伯·布特,养子
伊索特·塞耶,玛莎·斯图尔特二世,女儿
伊索特·塞耶,雷欧娜·斯图尔特,女儿
伊索特·塞耶,葛姆蕾·冈特,姨妈
伊索特·塞耶,莫瑞根,父系祖先
伊索特·塞耶,萨拉查·斯莱特林,母系祖先
西尔瓦努斯·凯特尔伯恩,凯特尔伯恩先生,父亲
西尔瓦努斯·凯特尔伯恩,凯特尔伯恩夫人,母亲
西莫·斐尼甘,斐尼甘先生,父亲
西莫·斐尼甘,斐尼甘夫人,母亲
西莫·斐尼甘,菲戈,母系表哥
阿不思·邓布利多,珀西瓦尔·邓布利多,父亲
阿不思·邓布利多,坎德拉·邓布利多,母亲
阿不思·邓布利多,阿不福思·邓布利多,弟弟
阿不思·邓布利多,阿利安娜·邓布利多,妹妹
阿不思·邓布利多,霍诺利亚,姑妈
莱姆斯·卢平,莱尔·卢平,父亲
莱姆斯·卢平,霍普·卢平,母亲，原姓豪厄尔
莱姆斯·卢平,尼法朵拉·唐克斯,妻子
莱姆斯·卢平,泰迪·卢平,儿子
莱姆斯·卢平,安多米达·唐克斯,岳母，原姓布莱克
莱姆斯·卢平,泰德·唐克斯,岳父
忒修斯·斯卡曼德,斯卡曼德夫人,母亲
忒修斯·斯卡曼德,纽特·斯卡曼德,弟弟
忒修斯·斯卡曼德,蒂娜·戈德斯坦,弟媳
忒修斯·斯卡曼德,莉塔·莱斯特兰奇,未婚妻
尼法朵拉·唐克斯,泰德·唐克斯,父亲
尼法朵拉·唐克斯,安多米达·唐克斯,母亲
尼法朵拉·唐克斯,莱姆斯·卢平,丈夫
尼法朵拉·唐克斯,泰德·卢平,儿子
尼法朵拉·唐克斯,贝拉特里克斯·莱斯特兰奇,阿姨
尼法朵拉·唐克斯,纳西莎·马尔福,阿姨
尼法朵拉·唐克斯,罗道夫斯·莱斯特兰奇,叔叔
尼法朵拉·唐克斯,卢修斯·马尔福,叔叔
尼法朵拉·唐克斯,德拉科·马尔福,表弟
尼法朵拉·唐克斯,西格纳斯·布莱克三世,外公
尼法朵拉·唐克斯,德鲁埃拉·布莱克,外婆
尼法朵拉·唐克斯,莱尔·卢平,公公
尼法朵拉·唐克斯,霍普·卢平,婆婆
赫尔加·赫奇帕奇,赫普兹巴·史密斯,后裔
瑟拉菲娜·皮奎利,卢卡斯·皮奎利,可能存在关系
纽特·斯卡曼德,斯卡曼德夫人,母亲
纽特·斯卡曼德,忒修斯·斯卡曼德,哥哥
纽特·斯卡曼德,波尔蓬蒂娜·戈德斯坦,妻子
纽特·斯卡曼德,罗夫·斯卡曼德,孙子
纽特·斯卡曼德,卢娜·洛夫古德,孙媳婦
纽特·斯卡曼德,洛肯·斯卡曼德,曾孙
纽特·斯卡曼德,莱桑德·斯卡曼德,曾孙
纽特·斯卡曼德,戈德斯坦先生,岳父
纽特·斯卡曼德,戈德斯坦夫人,岳母
纽特·斯卡曼德,奎妮·戈德斯坦,小姨
西弗勒斯·斯内普,托比亚·斯内普,父亲
西弗勒斯·斯内普,艾琳·普林斯,母亲
塞德里克·迪戈里,阿莫斯·迪戈里,父亲
塞德里克·迪戈里,迪戈里夫人,母亲
塞德里克·迪戈里,埃德里奇·迪戈里,可能存在关系
帕特里克·德莱尼-波德摩,斯多吉·波德摩,可能存在关系
弗拉德·德拉库,穿刺公弗拉德,儿子
亚伯拉罕·皮斯古德,阿诺德·皮斯古德,可能存在关系
理查一世,威廉一世,祖先
安妮·博林,亨利八世,丈夫
安妮·博林,伊丽莎白一世,女儿
安妮·博林,亨利七世,公公
安妮·博林,威廉一世,祖先
玛丽二世,威廉三世,丈夫
玛丽二世,亨利七世,祖先
玛丽二世,威廉一世,祖先
亨利六世,威廉一世,祖先
亨利八世,亨利七世,父亲
亨利八世,安妮·博林,第二任妻子
亨利八世,伊丽莎白一世,女儿
亨利八世,威廉一世,祖先
威廉一世,理查一世,后裔
威廉一世,亨利六世,后裔
威廉一世,亨利七世,后裔
威廉一世,亨利八世,后裔
威廉一世,安妮·博林,后裔
威廉一世,伊丽莎白一世,后裔
威廉一世,威廉三世,后裔
威廉一世,玛丽二世,后裔
乔治三世,维多利亚,孙女
乔治三世,威廉一世,祖先
乔治三世,亨利七世,祖先
亚瑟王,摩根·勒·费伊,同母异父的姐姐
亨利七世,亨利八世,儿子
亨利七世,安妮·博林,儿媳
亨利七世,伊丽莎白一世,孙女
亨利七世,威廉三世,后裔
亨利七世,玛丽二世,后裔
亨利七世,威廉一世,祖先
阿尔法德·布莱克,帕勒克斯·布莱克,父亲
阿尔法德·布莱克,伊尔玛·克拉布,母亲
阿尔法德·布莱克,沃尔布加·布莱克,姐姐
阿尔法德·布莱克,西格纳斯·布莱克三世,弟弟
阿尔法德·布莱克,奥赖恩·布莱克,姐夫/二表弟
阿尔法德·布莱克,德鲁埃拉·罗齐尔,弟媳
阿尔法德·布莱克,小天狼星·布莱克,外甥
阿尔法德·布莱克,雷古勒斯·布莱克,外甥
阿尔法德·布莱克,贝拉特里克斯·莱斯特兰奇,侄女
阿尔法德·布莱克,安多米达·唐克斯,侄女
阿尔法德·布莱克,纳西莎·马尔福,侄女
马里厄斯·布莱克,西格纳斯·布莱克二世,父亲
马里厄斯·布莱克,维奥莱塔·伯斯德,母亲
马里厄斯·布莱克,帕勒克斯·布莱克,哥哥
马里厄斯·布莱克,卡西欧佩娅·布莱克,姐姐
马里厄斯·布莱克,多瑞娅·布莱克,妹妹
马里厄斯·布莱克,查勒斯·波特,妹夫
马里厄斯·布莱克,伊尔玛·克拉布,嫂子
马里厄斯·布莱克,西格纳斯·布莱克三世,侄子
马里厄斯·布莱克,阿尔法德·布莱克,侄子
马里厄斯·布莱克,沃尔布加·布莱克,侄女
弗利蒙·波特,伊格诺图斯·佩弗利尔,祖先
弗利蒙·波特,斯廷奇库姆的林弗雷德,祖先
弗利蒙·波特,波特夫人,祖母
弗利蒙·波特,亨利·波特,父亲
弗利蒙·波特,尤菲米娅·波特,妻子
弗利蒙·波特,詹姆·波特,儿子
弗利蒙·波特,莉莉·波特,儿媳
弗利蒙·波特,哈利·波特,孙子
弗利蒙·波特,金妮·波特,孙媳
弗利蒙·波特,詹姆·小天狼星·波特,曾孙
弗利蒙·波特,阿不思·西弗勒斯·波特,曾孙
弗利蒙·波特,莉莉·卢娜·波特,曾孙女
弗利蒙·波特,查勒斯·波特,可能存在关系
弗利蒙·波特,多瑞娅·布莱克,可能存在关系
伊尔玛·克拉布,帕勒克斯·布莱克,丈夫
伊尔玛·克拉布,沃尔布加·布莱克,女儿
伊尔玛·克拉布,阿尔法德·布莱克,儿子
伊尔玛·克拉布,西格纳斯·布莱克三世,儿子
伊尔玛·克拉布,奥赖恩·布莱克,女婿
伊尔玛·克拉布,小天狼星·布莱克,外孙
伊尔玛·克拉布,雷古勒斯·布莱克,外孙
伊尔玛·克拉布,德鲁埃拉·罗齐尔,儿媳
伊尔玛·克拉布,贝拉特里克斯·莱斯特兰奇,孙女
伊尔玛·克拉布,安多米达·唐克斯,孙女
伊尔玛·克拉布,纳西莎·马尔福,孙女
伊尔玛·克拉布,西格纳斯·布莱克二世,公公
伊尔玛·克拉布,维奥莱塔·伯斯德,婆婆
尤菲米娅·波特,弗利蒙·波特,丈夫
尤菲米娅·波特,亨利·波特,公公
尤菲米娅·波特,詹姆·波特,儿子
尤菲米娅·波特,莉莉·波特,儿媳
尤菲米娅·波特,哈利·波特,孙子
尤菲米娅·波特,金妮·波特,孙媳
尤菲米娅·波特,詹姆·小天狼星·波特,曾孙
尤菲米娅·波特,阿不思·西弗勒斯·波特,曾孙
尤菲米娅·波特,莉莉·卢娜·波特,曾孙女
杜戈尔·麦格雷格,麦格雷格先生,父亲
杜戈尔·麦格雷格,麦格雷格夫人,妻子
戈德斯坦姐妹的父亲,戈德斯坦夫人,妻子
戈德斯坦姐妹的父亲,蒂娜·戈德斯坦,女儿
戈德斯坦姐妹的父亲,奎妮·戈德斯坦,女儿
戈德斯坦姐妹的父亲,纽特·斯卡曼德,女婿
戈德斯坦姐妹的父亲,安东尼·戈德斯坦,远亲
阿布拉克萨斯·马尔福,阿曼德·马尔福,祖先
阿布拉克萨斯·马尔福,尼古拉斯·马尔福,祖先
阿布拉克萨斯·马尔福,卢修斯·马尔福 I,祖先
阿布拉克萨斯·马尔福,布鲁图斯·马尔福,祖先
阿布拉克萨斯·马尔福,塞普蒂默斯·马尔福,祖先
阿布拉克萨斯·马尔福,卢修斯·马尔福,儿子
阿布拉克萨斯·马尔福,纳西莎·马尔福,儿媳
阿布拉克萨斯·马尔福,德拉科·马尔福,孙子
阿布拉克萨斯·马尔福,阿斯托里亚·格林格拉斯,孙媳
阿布拉克萨斯·马尔福,斯科皮·马尔福,曾孙
戈德斯坦姐妹的母亲,戈德斯坦先生,丈夫
戈德斯坦姐妹的母亲,蒂娜·戈德斯坦,女儿
戈德斯坦姐妹的母亲,奎妮·戈德斯坦,女儿
戈德斯坦姐妹的母亲,纽特·斯卡曼德,女婿
佩雷纳尔·勒梅,尼可·勒梅,丈夫
尼可·勒梅,佩雷纳尔·勒梅,妻子
德米特里·珀德,埃尔希·珀德,妻子
德克·克莱斯韦,克莱斯韦夫人,妻子
奥赖恩·布莱克,阿克图勒斯·布莱克三世,父亲
奥赖恩·布莱克,梅拉尼娅·麦克米兰,母亲
奥赖恩·布莱克,卢克丽霞·布莱克,姐姐
奥赖恩·布莱克,沃尔布加·布莱克,妻子/堂姐
奥赖恩·布莱克,小天狼星·布莱克,儿子
奥赖恩·布莱克,雷古勒斯·布莱克,儿子
奥赖恩·布莱克,天狼星·布莱克二世,祖父
奥赖恩·布莱克,海斯帕·甘普,祖母
奥赖恩·布莱克,帕勒克斯·布莱克,岳父/叔叔
奥赖恩·布莱克,伊尔玛·克拉布,岳母
奥赖恩·布莱克,伊格内修斯·普威特,姐夫
奥赖恩·布莱克,阿尔法德·布莱克,小舅/堂弟
奥赖恩·布莱克,西格纳斯·布莱克三世,小舅/堂弟
奥赖恩·布莱克,贝拉特里克斯·莱斯特兰奇,侄女
奥赖恩·布莱克,安多米达·唐克斯,侄女
奥赖恩·布莱克,纳西莎·马尔福,侄女
奥赖恩·布莱克,雷古勒斯·布莱克一世,叔叔
奥赖恩·布莱克,莱克里丝·布莱克,姑妈
雷古勒斯·布莱克,菲尼亚斯·奈杰勒斯·布莱克,高祖父
雷古勒斯·布莱克,奥赖恩·布莱克,父亲
雷古勒斯·布莱克,沃尔布加·布莱克,母亲
雷古勒斯·布莱克,小天狼星·布莱克,哥哥
雷古勒斯·布莱克,阿克图勒斯·布莱克三世,祖父
雷古勒斯·布莱克,梅拉尼娅·布莱克,祖母
雷古勒斯·布莱克,帕勒克斯·布莱克,外祖父
雷古勒斯·布莱克,伊尔玛·布莱克,外祖母
雷古勒斯·布莱克,贝拉特里克斯·莱斯特兰奇,表姐
雷古勒斯·布莱克,安多米达·唐克斯,表姐
雷古勒斯·布莱克,纳西莎·马尔福,表姐
雷古勒斯·布莱克,阿尔法德·布莱克,舅父
雷古勒斯·布莱克,西格纳斯·布莱克,舅父
雷古勒斯·布莱克,德鲁埃拉·布莱克,舅母
雷古勒斯·布莱克,卢克丽霞·布莱克,姑母
雷古勒斯·布莱克,伊格内修斯·普威特,姑父
马沃罗·冈特,卡德摩斯·佩弗利尔,祖先
马沃罗·冈特,萨拉查·斯莱特林,祖先
马沃罗·冈特,科维努斯·冈特,祖先
马沃罗·冈特,莫芬·冈特,儿子
马沃罗·冈特,梅洛普·冈特,女儿
马沃罗·冈特,老汤姆·里德尔,女婿
马沃罗·冈特,汤姆·马沃罗·里德尔,外孙
鲁弗斯·斯克林杰,布鲁图斯·斯克林杰,可能存在关系
阿克图勒斯·布莱克二世,菲尼亚斯·奈杰勒斯·布莱克,父亲
阿克图勒斯·布莱克二世,乌尔苏拉·弗林特,母亲
阿克图勒斯·布莱克二世,天狼星·布莱克二世,哥哥
阿克图勒斯·布莱克二世,菲尼亚斯·布莱克,哥哥
阿克图勒斯·布莱克二世,西格纳斯·布莱克二世,弟弟
阿克图勒斯·布莱克二世,贝尔维娜·布莱克,妹妹
阿克图勒斯·布莱克二世,莱桑德拉·亚克斯利,妻子
阿克图勒斯·布莱克二世,卡莉朵拉·布莱克,女儿
阿克图勒斯·布莱克二世,塞德瑞拉·布莱克,女儿
阿克图勒斯·布莱克二世,查莉丝·布莱克,女儿
阿克图勒斯·布莱克二世,亚瑟·韦斯莱,外孙
阿克图勒斯·布莱克二世,塞普蒂默斯·韦斯莱,女婿
阿克图勒斯·布莱克二世,哈方·隆巴顿,女婿
阿克图勒斯·布莱克二世,卡斯帕·克劳奇,女婿
阿克图勒斯·布莱克二世,天狼星·布莱克一世,叔叔
阿克图勒斯·布莱克二世,埃拉朵拉·布莱克,阿姨
阿克图勒斯·布莱克二世,约拉·布莱克,阿姨
菲尼亚斯·奈杰勒斯·布莱克,天狼星·布莱克一世,哥哥
菲尼亚斯·奈杰勒斯·布莱克,埃拉朵拉·布莱克,妹妹
菲尼亚斯·奈杰勒斯·布莱克,约拉·布莱克,妹妹
菲尼亚斯·奈杰勒斯·布莱克,乌尔苏拉·弗林特,妻子
菲尼亚斯·奈杰勒斯·布莱克,天狼星·布莱克二世,儿子
菲尼亚斯·奈杰勒斯·布莱克,菲尼亚斯·布莱克,儿子
菲尼亚斯·奈杰勒斯·布莱克,西格纳斯·布莱克二世,儿子
菲尼亚斯·奈杰勒斯·布莱克,阿克图勒斯·布莱克二世,儿子
菲尼亚斯·奈杰勒斯·布莱克,贝尔维娜·布莱克,女儿
菲尼亚斯·奈杰勒斯·布莱克,阿克图勒斯·布莱克三世,孙子
菲尼亚斯·奈杰勒斯·布莱克,雷古勒斯·布莱克一世,孙子
菲尼亚斯·奈杰勒斯·布莱克,帕勒克斯·布莱克,孙子
菲尼亚斯·奈杰勒斯·布莱克,马里厄斯·布莱克,孙子
菲尼亚斯·奈杰勒斯·布莱克,莱克里丝·布莱克,孙女
菲尼亚斯·奈杰勒斯·布莱克,卡西欧佩娅·布莱克,孙女
菲尼亚斯·奈杰勒斯·布莱克,多瑞娅·布莱克,孙女
菲尼亚斯·奈杰勒斯·布莱克,卡莉朵拉·布莱克,孙女
菲尼亚斯·奈杰勒斯·布莱克,塞德瑞拉·布莱克,孙女
菲尼亚斯·奈杰勒斯·布莱克,查莉丝·布莱克,孙女
菲尼亚斯·奈杰勒斯·布莱克,海斯帕·甘普,儿媳
菲尼亚斯·奈杰勒斯·布莱克,维奥莱塔·伯斯德,儿媳
菲尼亚斯·奈杰勒斯·布莱克,莱桑德拉·亚克斯利,儿媳
菲尼亚斯·奈杰勒斯·布莱克,赫伯特·博克,女婿
菲尼亚斯·奈杰勒斯·布莱克,鲍勃·希钦斯,妹夫
埃尔芬斯通·埃尔科特,米勒娃·麦格,妻子
埃尔芬斯通·埃尔科特,老罗伯特·麦格,岳父
埃尔芬斯通·埃尔科特,伊泽贝尔·罗斯,岳母
埃尔芬斯通·埃尔科特,马尔科姆·麦格,小舅
埃尔芬斯通·埃尔科特,小罗伯特·麦格,小舅
小亨利·肖,老亨利·肖,父亲
小亨利·肖,兰登·肖,弟弟
贝尔维娜·布莱克,菲尼亚斯·奈杰勒斯·布莱克,父亲
贝尔维娜·布莱克,乌尔苏拉·弗林特,母亲
贝尔维娜·布莱克,天狼星·布莱克二世,哥哥
贝尔维娜·布莱克,菲尼亚斯·布莱克,哥哥
贝尔维娜·布莱克,西格纳斯·布莱克二世,哥哥
贝尔维娜·布莱克,阿克图勒斯·布莱克二世,弟弟
贝尔维娜·布莱克,赫伯特·博克,丈夫
贝尔维娜·布莱克,天狼星·布莱克一世,叔叔
贝尔维娜·布莱克,埃拉朵拉·布莱克,阿姨
贝尔维娜·布莱克,约拉·布莱克,阿姨
安格斯·布坎南,安格斯·布坎南的父亲,父亲
安格斯·布坎南,安格斯·布坎南的母亲,母亲
安格斯·布坎南,弗洛拉·布坎南,姐姐
安格斯·布坎南,哈米什·布坎南,哥哥
沃尔布加·布莱克,帕勒克斯·布莱克,父亲
沃尔布加·布莱克,伊尔玛·克拉布,母亲
沃尔布加·布莱克,阿尔法德·布莱克,弟弟
沃尔布加·布莱克,西格纳斯·布莱克三世,弟弟
沃尔布加·布莱克,奥赖恩·布莱克,丈夫/二堂弟
沃尔布加·布莱克,小天狼星·布莱克,儿子
沃尔布加·布莱克,雷古勒斯·布莱克,儿子
沃尔布加·布莱克,西格纳斯·布莱克二世,祖父
沃尔布加·布莱克,维奥莱塔·伯斯德,祖母
沃尔布加·布莱克,卢克丽霞·布莱克,大姑/堂姐
沃尔布加·布莱克,德鲁埃拉·罗齐尔,弟媳
沃尔布加·布莱克,贝拉特里克斯·莱斯特兰奇,侄女
沃尔布加·布莱克,安多米达·唐克斯,侄女
沃尔布加·布莱克,纳西莎·马尔福,侄女
沃尔布加·布莱克,卡西欧佩娅·布莱克,姑姑
沃尔布加·布莱克,多瑞娅·布莱克,姑姑
沃尔布加·布莱克,马里厄斯·布莱克,叔叔
沃尔布加·布莱克,查勒斯·波特,姑父
沃尔布加·布莱克,阿拉明塔·梅利弗伦·布莱克,堂妹
沃尔布加·布莱克,阿克图勒斯·布莱克,公公/大伯父
沃尔布加·布莱克,布莱克家族,父系家族
沃尔布加·布莱克,克拉布家族,母系家族
威尔米娜·塔夫特,伊格内修斯·塔夫特,儿子
玛丽·卢·巴瑞波恩,巴托罗缪·巴瑞波恩,祖先
玛丽·卢·巴瑞波恩,卡斯提蒂·巴瑞波恩,养女
玛丽·卢·巴瑞波恩,莫迪丝蒂·巴瑞波恩,养女
玛丽·卢·巴瑞波恩,克莱登斯·巴瑞波恩,养子
巴纳布斯·布伦金索普,蒂莫西·布伦金索普,可能存在关系
雷古勒斯·布莱克一世,天狼星·布莱克二世,父亲
雷古勒斯·布莱克一世,海斯帕·甘普,母亲
雷古勒斯·布莱克一世,阿克图勒斯·布莱克三世,哥哥
雷古勒斯·布莱克一世,莱克里丝·布莱克,姐姐
卡斯提蒂·巴瑞波恩,玛丽·卢·巴瑞波恩,养母
卡斯提蒂·巴瑞波恩,克莱登斯·巴瑞波恩,义兄
卡斯提蒂·巴瑞波恩,莫迪丝蒂·巴瑞波恩,义妹
雅各布·科瓦尔斯基的兄弟,雅各布·科瓦尔斯基,兄弟
赫普兹巴·史密斯,赫尔加·赫奇帕奇,祖先
赫普兹巴·史密斯,扎卡赖斯·史密斯,可能存在关系
赫普兹巴·史密斯,史密斯先生,可能存在关系
桃金娘·沃伦,沃伦先生,父亲
桃金娘·沃伦,沃伦夫人,母亲
西格纳斯·布莱克二世,菲尼亚斯·奈杰勒斯·布莱克,父亲
西格纳斯·布莱克二世,乌尔苏拉·弗林特,母亲
西格纳斯·布莱克二世,天狼星·布莱克二世,哥哥
西格纳斯·布莱克二世,菲尼亚斯·布莱克,哥哥
西格纳斯·布莱克二世,阿克图勒斯·布莱克二世,哥哥
西格纳斯·布莱克二世,贝尔维娜·布莱克,姐姐
西格纳斯·布莱克二世,维奥莱塔·伯斯德,妻子
西格纳斯·布莱克二世,帕勒克斯·布莱克,儿子
西格纳斯·布莱克二世,马里厄斯·布莱克,儿子
西格纳斯·布莱克二世,卡西欧佩娅·布莱克,女儿
西格纳斯·布莱克二世,多瑞娅·布莱克,女儿
西格纳斯·布莱克二世,西格纳斯·布莱克三世,孙子
西格纳斯·布莱克二世,阿尔法德·布莱克,孙子
西格纳斯·布莱克二世,沃尔布加·布莱克,孙女
西格纳斯·布莱克二世,布莱克家族,父系家族
西格纳斯·布莱克二世,弗林特家族,母系家族
西格纳斯·布莱克二世,伯斯德家族,亲家
莉莉·伊万斯,伊万斯先生,父亲
莉莉·伊万斯,伊万斯夫人,母亲
莉莉·伊万斯,佩妮·德思礼,姐姐
莉莉·伊万斯,詹姆·波特,丈夫
莉莉·伊万斯,哈利·波特,儿子
莉莉·伊万斯,金妮·韦斯莱,儿媳
莉莉·伊万斯,詹姆·小天狼星·波特,孙子
莉莉·伊万斯,阿不思·西弗勒斯·波特,孙子
莉莉·伊万斯,莉莉·卢娜·波特,孙女
莉莉·伊万斯,弗农·德思礼,姐夫
莉莉·伊万斯,达力·德思礼,外甥
莉莉·伊万斯,弗利蒙·波特,公公
莉莉·伊万斯,尤菲米娅·波特,婆婆
莉莉·伊万斯,波特家族,亲家
埃拉朵拉·布莱克,天狼星·布莱克一世,哥哥
埃拉朵拉·布莱克,菲尼亚斯·奈杰勒斯·布莱克,哥哥
埃拉朵拉·布莱克,约拉·布莱克,妹妹
埃拉朵拉·布莱克,乌尔苏拉·弗林特,嫂子
埃拉朵拉·布莱克,天狼星·布莱克二世,侄子
埃拉朵拉·布莱克,菲尼亚斯·布莱克,侄子
埃拉朵拉·布莱克,西格纳斯·布莱克二世,侄子
埃拉朵拉·布莱克,阿克图勒斯·布莱克二世,侄子
埃拉朵拉·布莱克,贝尔维娜·布莱克,侄女
埃拉朵拉·布莱克,鲍勃·希钦斯,妹夫
天狼星·布莱克二世,菲尼亚斯·奈杰勒斯·布莱克,父亲
天狼星·布莱克二世,乌尔苏拉·弗林特,母亲
天狼星·布莱克二世,菲尼亚斯·布莱克,弟弟
天狼星·布莱克二世,西格纳斯·布莱克二世,弟弟
天狼星·布莱克二世,阿克图勒斯·布莱克二世,弟弟
天狼星·布莱克二世,贝尔维娜·布莱克,妹妹
天狼星·布莱克二世,海斯帕·甘普,妻子
天狼星·布莱克二世,阿克图勒斯·布莱克三世,儿子
天狼星·布莱克二世,雷古勒斯·布莱克一世,儿子
天狼星·布莱克二世,莱克里丝·布莱克,女儿
天狼星·布莱克二世,奥赖恩·布莱克,孙子
天狼星·布莱克二世,卢克丽霞·布莱克,孙女
查莉丝·布莱克,菲尼亚斯·奈杰勒斯·布莱克,祖父
查莉丝·布莱克,乌尔苏拉·弗林特,祖母
查莉丝·布莱克,天狼星·布莱克二世,伯父
查莉丝·布莱克,菲尼亚斯·布莱克,伯父
查莉丝·布莱克,西格纳斯·布莱克二世,伯父
查莉丝·布莱克,贝尔维娜·布莱克,姑妈
查莉丝·布莱克,阿克图勒斯·布莱克二世,父亲
查莉丝·布莱克,莱桑德拉·亚克斯利,母亲
查莉丝·布莱克,卡莉朵拉·布莱克,姐姐
查莉丝·布莱克,塞德瑞拉·布莱克,姐姐
查莉丝·布莱克,哈方·隆巴顿,姐夫
查莉丝·布莱克,塞普蒂默斯·韦斯莱,姐夫
查莉丝·布莱克,卡斯帕·克劳奇,丈夫
查莉丝·布莱克,亚瑟·韦斯莱,外甥
小天狼星·布莱克,菲尼亚斯·奈杰勒斯·布莱克,父系/母系 曾曾祖父
小天狼星·布莱克,奥赖恩·布莱克,父亲
小天狼星·布莱克,沃尔布加·布莱克,母亲
小天狼星·布莱克,雷古勒斯·布莱克,弟弟
小天狼星·布莱克,阿克图勒斯·布莱克三世,爷爷
小天狼星·布莱克,梅拉尼娅·麦克米兰,奶奶
小天狼星·布莱克,帕勒克斯·布莱克,外公
小天狼星·布莱克,伊尔玛·克拉布,外婆
小天狼星·布莱克,贝拉特里克斯·莱斯特兰奇,表姐
小天狼星·布莱克,安多米达·唐克斯,表姐
小天狼星·布莱克,纳西莎·马尔福,表姐
小天狼星·布莱克,阿尔法德·布莱克,叔叔
小天狼星·布莱克,西格纳斯·布莱克三世,叔叔
小天狼星·布莱克,德鲁埃拉·罗齐尔,母系 姨妈
小天狼星·布莱克,卢克丽霞·布莱克,父系 姨妈
小天狼星·布莱克,伊格内修斯·普威特,父系 叔叔
伯莎·乔金斯,普丽姆罗丝·乔金斯,可能存在关系
伯莎·乔金斯,艾伯特·乔金斯,可能存在关系
伯莎·乔金斯,格兰维尔·乔金斯,可能存在关系
伯莎·乔金斯,格里姆沃尔德·乔金斯,可能存在关系
伯莎·乔金斯,格丝尔达·乔金斯,可能存在关系
伯莎·乔金斯,斯坦福·乔金斯,可能存在关系
詹姆·波特,伊格诺图斯·佩弗利尔,父系祖先
詹姆·波特,斯廷奇库姆的林弗雷德,父系祖先
詹姆·波特,哈德温·波特,父系祖先
詹姆·波特,艾欧兰斯·佩弗利尔,父系祖先
詹姆·波特,罗尔斯顿·波特,父系祖先
詹姆·波特,亨利·波特,祖父
詹姆·波特,弗利蒙·波特,父亲
詹姆·波特,尤菲米娅·波特,母亲
詹姆·波特,莉莉·伊万斯,妻子
詹姆·波特,哈利·波特,儿子
詹姆·波特,金妮·韦斯莱,儿媳
詹姆·波特,詹姆·小天狼星·波特,孙子
詹姆·波特,阿不思·西弗勒斯·波特,孙子
詹姆·波特,莉莉·卢娜·波特,孙女
詹姆·波特,伊万斯先生,岳父
詹姆·波特,伊万斯夫人,岳母
詹姆·波特,佩妮·德思礼,大姨
詹姆·波特,弗农·德思礼,襟兄
詹姆·波特,达力·德思礼,姨甥
汉娜·艾博的母亲,汉娜·艾博,女儿
汉娜·艾博的母亲,纳威·隆巴顿,女婿
费比安·普威特,普威特先生,父亲
费比安·普威特,普威特夫人,母亲
费比安·普威特,穆丽尔,姨妈
费比安·普威特,伊格内修斯·普威特,叔叔
费比安·普威特,卢克丽霞·布莱克,阿姨
费比安·普威特,吉迪翁·普威特,哥哥
费比安·普威特,莫丽·韦斯莱,妹妹
费比安·普威特,比利尔斯,可能是兄弟
费比安·普威特,亚瑟·韦斯莱,妹夫
吉迪翁·普威特,普威特先生,父亲
吉迪翁·普威特,普威特夫人,母亲
吉迪翁·普威特,穆丽尔,姨妈
吉迪翁·普威特,伊格内修斯·普威特,叔叔
吉迪翁·普威特,卢克丽霞·布莱克,阿姨
吉迪翁·普威特,费比安·普威特,弟弟
吉迪翁·普威特,莫丽·韦斯莱,妹妹
吉迪翁·普威特,比利尔斯,可能是兄弟
吉迪翁·普威特,亚瑟·韦斯莱,妹夫
利奥波迪娜·斯梅绥克,埃里奥·斯梅绥克,可能存在关系
利奥波迪娜·斯梅绥克,希伯克拉特·斯梅绥克,可能存在关系
比阿特丽克斯·布洛克萨姆,诺比,姨父
罗伊纳·拉文克劳,海莲娜·拉文克劳,女儿
玛莎·斯图尔特,詹姆·斯图尔特,儿子
玛莎·斯图尔特,伊索特·塞耶,儿媳
玛莎·斯图尔特,玛莎·斯图尔特二世,孙女
玛莎·斯图尔特,雷欧娜·斯图尔特,孙女
卢克丽霞·布莱克,阿克图勒斯·布莱克三世,父亲
卢克丽霞·布莱克,梅拉尼娅·麦克米兰,母亲
卢克丽霞·布莱克,奥赖恩·布莱克,弟弟
卢克丽霞·布莱克,伊格内修斯·普威特,丈夫
卢克丽霞·布莱克,沃尔布加·布莱克,弟媳
卢克丽霞·布莱克,小天狼星·布莱克,侄子
卢克丽霞·布莱克,雷古勒斯·布莱克,侄子
卢克丽霞·布莱克,吉迪翁·普威特,侄子
卢克丽霞·布莱克,费比安·普威特,侄子
卢克丽霞·布莱克,普威特先生,哥哥
卢克丽霞·布莱克,普威特夫人,嫂子
卢克丽霞·布莱克,莫丽·韦斯莱,侄女
卢克丽霞·布莱克,天狼星·布莱克二世,祖父
卢克丽霞·布莱克,海斯帕·甘普,祖母
卢克丽霞·布莱克,雷古勒斯·布莱克一世,叔叔
卢克丽霞·布莱克,莱克里丝·布莱克,阿姨
西格纳斯·布莱克三世,帕勒克斯·布莱克,父亲
西格纳斯·布莱克三世,伊尔玛·克拉布,母亲
西格纳斯·布莱克三世,沃尔布加·布莱克,姐姐
西格纳斯·布莱克三世,阿尔法德·布莱克,哥哥
西格纳斯·布莱克三世,德鲁埃拉·罗齐尔,妻子
西格纳斯·布莱克三世,贝拉特里克斯·莱斯特兰奇,女儿
西格纳斯·布莱克三世,安多米达·唐克斯,女儿
西格纳斯·布莱克三世,纳西莎·马尔福,女儿
西格纳斯·布莱克三世,罗道夫斯·莱斯特兰奇,女婿
西格纳斯·布莱克三世,泰德·唐克斯,女婿
西格纳斯·布莱克三世,卢修斯·马尔福,女婿
西格纳斯·布莱克三世,尼法朵拉·唐克斯,外孙女
西格纳斯·布莱克三世,德拉科·马尔福,外孙
西格纳斯·布莱克三世,奥赖恩·布莱克,表哥/姐夫
西格纳斯·布莱克三世,小天狼星·布莱克,外甥
西格纳斯·布莱克三世,雷古勒斯·布莱克,外甥
西格纳斯·布莱克三世,西格纳斯·布莱克,祖父
西格纳斯·布莱克三世,维奥莱塔·伯斯德,祖母
卡西欧佩娅·布莱克,西格纳斯·布莱克二世,父亲
卡西欧佩娅·布莱克,维奥莱塔·伯斯德,母亲
卡西欧佩娅·布莱克,帕勒克斯·布莱克,哥哥
卡西欧佩娅·布莱克,马里厄斯·布莱克,弟弟
卡西欧佩娅·布莱克,多瑞娅·布莱克,妹妹
卡西欧佩娅·布莱克,查勒斯·波特,妹夫
卡西欧佩娅·布莱克,伊尔玛·克拉布,嫂子
卡西欧佩娅·布莱克,西格纳斯·布莱克三世,侄子
卡西欧佩娅·布莱克,阿尔法德·布莱克,侄子
卡西欧佩娅·布莱克,沃尔布加·布莱克,侄女
埃德里奇·迪戈里,阿莫斯·迪戈里,可能存在关系
埃德里奇·迪戈里,塞德里克·迪戈里,可能存在关系
威廉·塞耶,雷欧娜·塞耶,妻子
威廉·塞耶,伊索特·塞耶,女儿
威廉·塞耶,詹姆·斯图尔特,女婿
威廉·塞耶,查威克·布特,养外孙
威廉·塞耶,韦伯·布特,养外孙
威廉·塞耶,玛莎·斯图尔特二世,外孙女
威廉·塞耶,雷欧娜·斯图尔特,外孙女
威廉·塞耶,葛姆蕾·冈特,大姨
威廉·塞耶,莫瑞根,祖先
雷欧娜·塞耶,威廉·塞耶,丈夫
雷欧娜·塞耶,伊索特·塞耶,女儿
雷欧娜·塞耶,詹姆·斯图尔特,女婿
雷欧娜·塞耶,查威克·布特,养外孙
雷欧娜·塞耶,韦伯·布特,养外孙
雷欧娜·塞耶,玛莎·斯图尔特,外孙女
雷欧娜·塞耶,雷欧娜·斯图尔特,外孙女
雷欧娜·塞耶,葛姆蕾·冈特,姐姐
雷欧娜·塞耶,萨拉查·斯莱特林,祖先
劳瑞娜·卡玛,穆斯塔法·卡玛,第一任丈夫
劳瑞娜·卡玛,科沃斯·莱斯特兰奇,被胁迫，第二任丈夫
劳瑞娜·卡玛,莉塔·莱斯特兰奇,女儿
劳瑞娜·卡玛,尤瑟夫·卡玛,儿子
苏珊·博恩斯,博恩斯先生,祖父
苏珊·博恩斯,博恩斯夫人,祖母
苏珊·博恩斯,阿米莉亚·博恩斯,姑姑
苏珊·博恩斯,埃德加·博恩斯,叔叔
苏珊·博恩斯,博恩斯夫人,婶婶
苏珊·博恩斯,埃德加·博恩斯的孩子,堂兄弟
阿奇博尔德·阿尔德顿,阿基·阿尔德顿,可能存在关系
天狼星·布莱克一世,菲尼亚斯·奈杰勒斯·布莱克,弟弟
天狼星·布莱克一世,埃拉朵拉·布莱克,妹妹
天狼星·布莱克一世,约拉·布莱克,妹妹
秋·张,张先生,父亲
秋·张,张夫人,母亲
秋·张,麻瓜,丈夫
罗恩·韦斯莱,亚瑟·韦斯莱,父亲
罗恩·韦斯莱,莫丽·韦斯莱，原姓普威特,母亲
罗恩·韦斯莱,比尔·韦斯莱,哥哥
罗恩·韦斯莱,查理·韦斯莱,哥哥
罗恩·韦斯莱,珀西·韦斯莱,哥哥
罗恩·韦斯莱,弗雷德·韦斯莱,哥哥
罗恩·韦斯莱,乔治·韦斯莱,哥哥
罗恩·韦斯莱,金妮·韦斯莱,妹妹
罗恩·韦斯莱,赫敏·格兰杰,妻子
罗恩·韦斯莱,罗丝·韦斯莱,女儿
罗恩·韦斯莱,雨果·韦斯莱,儿子
罗恩·韦斯莱,塞普蒂默斯·韦斯莱,祖父
罗恩·韦斯莱,塞德瑞拉·布莱克,祖母
罗恩·韦斯莱,普威特先生,外祖父
罗恩·韦斯莱,普威特夫人,外祖母
罗恩·韦斯莱,泰丝,姨婆
罗恩·韦斯莱,穆丽尔,姨婆
罗恩·韦斯莱,吉迪翁·普威特,舅舅
罗恩·韦斯莱,费比安·普威特,舅舅
罗恩·韦斯莱,比利尔斯,叔叔
罗恩·韦斯莱,哈利·波特,内弟
罗恩·韦斯莱,詹姆·小天狼星·波特,外甥/教子
罗恩·韦斯莱,阿不思·西弗勒斯·波特,外甥
罗恩·韦斯莱,莉莉·卢娜·波特,外甥女
罗恩·韦斯莱,芙蓉·德拉库尔,嫂子
罗恩·韦斯莱,奥黛丽·韦斯莱,嫂子
罗恩·韦斯莱,安吉利娜·约翰逊,嫂子
罗恩·韦斯莱,维克托娃·韦斯莱,侄女
罗恩·韦斯莱,多米尼克·韦斯莱,侄女
罗恩·韦斯莱,莫丽·韦斯莱二世,侄女
罗恩·韦斯莱,露西·韦斯莱,侄女
罗恩·韦斯莱,罗克珊·韦斯莱,侄女
罗恩·韦斯莱,路易·韦斯莱,侄子
罗恩·韦斯莱,弗雷德·韦斯莱二世,侄子
罗恩·韦斯莱,格兰杰先生,岳父
罗恩·韦斯莱,格兰杰夫人,岳母
乔治·韦斯莱,塞普蒂默斯·韦斯莱,祖父
乔治·韦斯莱,塞德瑞拉·布莱克,祖母
乔治·韦斯莱,普威特先生,外祖父
乔治·韦斯莱,普威特夫人,外祖母
乔治·韦斯莱,亚瑟·韦斯莱,父亲
乔治·韦斯莱,莫丽·韦斯莱,母亲
乔治·韦斯莱,比尔·韦斯莱,哥哥
乔治·韦斯莱,查理·韦斯莱,哥哥
乔治·韦斯莱,珀西·韦斯莱,哥哥
乔治·韦斯莱,弗雷德·韦斯莱,双胞胎哥哥
乔治·韦斯莱,罗恩·韦斯莱,弟弟
乔治·韦斯莱,金妮·韦斯莱,妹妹
乔治·韦斯莱,安吉利娜·约翰逊,妻子
乔治·韦斯莱,弗雷德·韦斯莱二世,儿子
乔治·韦斯莱,罗克珊·韦斯莱,女儿
乔治·韦斯莱,吉迪翁·普威特,舅舅
乔治·韦斯莱,费比安·普威特,舅舅
乔治·韦斯莱,比利尔斯,叔叔
乔治·韦斯莱,芙蓉·德拉库尔,嫂子
乔治·韦斯莱,奥黛丽·韦斯莱,嫂子
乔治·韦斯莱,赫敏·格兰杰,弟媳
乔治·韦斯莱,哈利·波特,妹夫
扎卡赖斯·史密斯,史密斯先生,父亲
金妮·韦斯莱,亚瑟·韦斯莱,父亲
金妮·韦斯莱,莫丽·韦斯莱,母亲
金妮·韦斯莱,比尔·韦斯莱,哥哥
金妮·韦斯莱,查理·韦斯莱,哥哥
金妮·韦斯莱,珀西·韦斯莱,哥哥
金妮·韦斯莱,弗雷德·韦斯莱,哥哥
金妮·韦斯莱,乔治·韦斯莱,哥哥
金妮·韦斯莱,罗恩·韦斯莱,哥哥
金妮·韦斯莱,哈利·波特,丈夫
金妮·韦斯莱,詹姆·小天狼星·波特,儿子
金妮·韦斯莱,阿不思·西弗勒斯·波特,儿子
金妮·韦斯莱,莉莉·卢娜·波特,女儿
金妮·韦斯莱,普威特先生,外祖父
金妮·韦斯莱,普威特夫人,外祖母
金妮·韦斯莱,塞普蒂默斯·韦斯莱,祖父
金妮·韦斯莱,塞德瑞拉·布莱克,祖母
金妮·韦斯莱,费比安·普威特,舅舅
金妮·韦斯莱,吉迪翁·普威特,舅舅
金妮·韦斯莱,比利尔斯,叔叔
金妮·韦斯莱,赫敏·格兰杰,嫂子
金妮·韦斯莱,安吉利娜·约翰逊,嫂子
金妮·韦斯莱,芙蓉·德拉库尔,嫂子
金妮·韦斯莱,奥黛丽·韦斯莱,嫂子
金妮·韦斯莱,罗丝·韦斯莱,侄女
金妮·韦斯莱,罗克珊·韦斯莱,侄女
金妮·韦斯莱,维克托娃·韦斯莱,侄女
金妮·韦斯莱,多米尼克·韦斯莱,侄女
金妮·韦斯莱,莫丽·韦斯莱二世,侄女
金妮·韦斯莱,露西·韦斯莱,侄女
金妮·韦斯莱,雨果·韦斯莱,侄子
金妮·韦斯莱,弗雷德·韦斯莱二世,侄子
金妮·韦斯莱,路易·韦斯莱,侄子
金妮·韦斯莱,詹姆·波特,公公
金妮·韦斯莱,莉莉·波特,婆婆
安东尼·戈德斯坦,波尔蓬蒂娜·斯卡曼德,远亲
安东尼·戈德斯坦,奎妮·戈德斯坦,远亲
弗雷德·韦斯莱,塞普蒂默斯·韦斯莱,祖父
弗雷德·韦斯莱,塞德瑞拉·布莱克,祖母
弗雷德·韦斯莱,亚瑟·韦斯莱,父亲
弗雷德·韦斯莱,莫丽·韦斯莱,母亲
弗雷德·韦斯莱,比尔·韦斯莱,哥哥
弗雷德·韦斯莱,查理·韦斯莱,哥哥
弗雷德·韦斯莱,珀西·韦斯莱,哥哥
弗雷德·韦斯莱,乔治·韦斯莱,双胞胎弟弟
弗雷德·韦斯莱,罗恩·韦斯莱,弟弟
弗雷德·韦斯莱,金妮·韦斯莱,妹妹
弗雷德·韦斯莱,普威特先生,外祖父
弗雷德·韦斯莱,普威特夫人,外祖母
弗雷德·韦斯莱,吉迪翁·普威特,舅舅
弗雷德·韦斯莱,费比安·普威特,舅舅
弗雷德·韦斯莱,比利尔斯,叔叔
弗雷德·韦斯莱,弗雷德·韦斯莱二世,侄子
弗雷德·韦斯莱,罗克珊·韦斯莱,侄女
弗雷德·韦斯莱,芙蓉·德拉库尔,嫂子
弗雷德·韦斯莱,哈利·波特,妹夫
弗雷德·韦斯莱,赫敏·格兰杰,弟媳
弗雷德·韦斯莱,安吉利娜·约翰逊,弟媳
厄尼·麦克米兰,梅拉尼娅·麦克米兰,可能存在关系
泰瑞·布特,韦伯·布特,可能是祖先
泰瑞·布特,艾伯特·布特,可能存在关系
汉娜·艾博,艾博夫人,母亲
汉娜·艾博,纳威·隆巴顿,丈夫
汉娜·艾博,艾博,可能存在关系
汉娜·艾博,弗兰克·隆巴顿,公公
汉娜·艾博,艾丽斯·隆巴顿,婆婆
卢娜·洛夫古德,谢诺菲留斯·洛夫古德,父亲
卢娜·洛夫古德,潘多拉·洛夫古德,母亲
卢娜·洛夫古德,罗夫·斯卡曼德,丈夫
卢娜·洛夫古德,洛肯·斯卡曼德,儿子
卢娜·洛夫古德,莱桑德·斯卡曼德,儿子
卢娜·洛夫古德,纽特·斯卡曼德,祖翁
卢娜·洛夫古德,波尔蓬蒂娜·斯卡曼德,祖婆
莫瑞根,威廉·塞耶,后裔
莫瑞根,伊索特·塞耶,后裔
米勒娃·麦格,米勒娃,外曾祖母
米勒娃·麦格,罗斯先生,外祖父
米勒娃·麦格,罗斯夫人,外祖母
米勒娃·麦格,老罗伯特·麦格,父亲
米勒娃·麦格,伊泽贝尔·罗斯,母亲
米勒娃·麦格,埃尔芬斯通·埃尔科特,丈夫
米勒娃·麦格,马尔科姆·麦格,弟弟
米勒娃·麦格,小罗伯特·麦格,弟弟
多洛雷斯·乌姆里奇,奥福德·乌姆里奇,父亲
多洛雷斯·乌姆里奇,埃伦·克拉克内尔,母亲
雅各布·科瓦尔斯基,科瓦尔斯基先生,兄弟
韦伯·布特,布特先生,父亲
韦伯·布特,布特夫人,母亲
韦伯·布特,查威克·布特,哥哥
韦伯·布特,伊索特·塞耶,养母
韦伯·布特,詹姆·斯图尔特,养父
韦伯·布特,玛莎·斯图尔特,养妹
韦伯·布特,雷欧娜·斯图尔特,养妹
韦伯·布特,布特夫人,妻子
韦伯·布特,泰瑞·布特,可能是后裔
布特兄弟的母亲,布特先生,丈夫
布特兄弟的母亲,查威克·布特,儿子
布特兄弟的母亲,韦伯·布特,儿子
布特兄弟的母亲,荷西菲娜·卡德隆,儿媳
布特兄弟的母亲,布特夫人,儿媳
布特兄弟的母亲,泰瑞·布特,后裔
达力·德思礼,弗农·德思礼,父亲
达力·德思礼,佩妮·德思礼,母亲
达力·德思礼,德思礼夫人,祖母
达力·德思礼,玛姬·德思礼,姑妈
达力·德思礼,伊万斯先生,外祖父
达力·德思礼,伊万斯夫人,外祖母
达力·德思礼,莉莉·波特,姨妈
达力·德思礼,詹姆·波特,姨父
达力·德思礼,哈利·波特,表弟
达力·德思礼,德思礼夫人,妻子
达力·德思礼,达力·德思礼的孩子,孩子
达力·德思礼,金妮·波特,表弟媳
达力·德思礼,詹姆·小天狼星·波特,表外甥
达力·德思礼,阿不思·西弗勒斯·波特,表外甥
达力·德思礼,莉莉·卢娜·波特,表外甥女
莫迪丝蒂·巴瑞波恩的父亲,莫迪丝蒂·巴瑞波恩,女儿
雅各布·科瓦尔斯基的祖父,雅各布·科瓦尔斯基,孙辈
雅各布·科瓦尔斯基的祖父,科瓦尔斯基先生,孙辈
莫迪丝蒂·巴瑞波恩的兄弟姐妹,莫迪丝蒂·巴瑞波恩,姐姐/妹妹
莫迪丝蒂·巴瑞波恩的母亲,莫迪丝蒂·巴瑞波恩,女儿
雅各布·科瓦尔斯基的祖母,雅各布·科瓦尔斯基,孙辈
雅各布·科瓦尔斯基的祖母,科瓦尔斯基先生,孙辈
玛莎·斯图尔特二世,詹姆·斯图尔特,父亲
玛莎·斯图尔特二世,伊索特·塞耶,母亲
玛莎·斯图尔特二世,查威克·布特,被收养的哥哥
玛莎·斯图尔特二世,韦伯·布特,被收养的哥哥
玛莎·斯图尔特二世,雷欧娜·斯图尔特,双胞胎妹妹
玛莎·斯图尔特二世,玛莎·斯图尔特,祖母
玛莎·斯图尔特二世,威廉·塞耶,外祖父
玛莎·斯图尔特二世,雷欧娜·塞耶,外祖母
老亨利·肖,小亨利·肖,儿子
老亨利·肖,兰登·肖,儿子
兰登·肖,老亨利·肖,父亲
兰登·肖,小亨利·肖,哥哥
卢卡斯·皮奎利,瑟拉菲娜·皮奎利,可能存在关系
约翰内斯·琼克尔,琼克尔先生,父亲
奎妮·戈德斯坦,戈德斯坦先生,父亲
奎妮·戈德斯坦,戈德斯坦夫人,母亲
奎妮·戈德斯坦,蒂娜·戈德斯坦,姐姐
奎妮·戈德斯坦,纽特·斯卡曼德,姐夫
奎妮·戈德斯坦,罗夫·斯卡曼德,外甥孙
奎妮·戈德斯坦,卢娜·洛夫古德,外甥孙媳婦
奎妮·戈德斯坦,洛肯·斯卡曼德,曾外甥孙
奎妮·戈德斯坦,莱桑德·斯卡曼德,曾外甥孙
奎妮·戈德斯坦,安东尼·戈德斯坦,远亲
艾吉尔伯特·冯塔纳,瑟达德·冯塔纳,祖先
宾利的妻子,宾利,丈夫
莫迪丝蒂·巴瑞波恩,玛丽·卢·巴瑞波恩,养母
莫迪丝蒂·巴瑞波恩,卡斯提蒂·巴瑞波恩,义姐
莫迪丝蒂·巴瑞波恩,克莱登斯·巴瑞波恩,义兄
克莱登斯·巴瑞波恩,玛丽·卢·巴瑞波恩,养母
克莱登斯·巴瑞波恩,卡斯提蒂·巴瑞波恩,义妹
克莱登斯·巴瑞波恩,莫迪丝蒂·巴瑞波恩,义妹
卡多根的孩子,卡多根爵士,父亲
卡斯帕·克劳奇,阿克图勒斯·布莱克二世,岳父
卡斯帕·克劳奇,莱桑德拉·亚克斯利,岳母
卡斯帕·克劳奇,卡莉朵拉·布莱克,姐姐
卡斯帕·克劳奇,塞德瑞拉·布莱克,姐姐
卡斯帕·克劳奇,查莉丝·布莱克,妻子
卡斯帕·克劳奇,老巴蒂·克劳奇,可能存在关系
卡斯帕·克劳奇,小巴蒂·克劳奇,可能存在关系
兰斯洛特 (治疗师),穆丽尔,堂姐妹或表姐妹
冈希尔达·尼恩,古德温·尼恩,丈夫
伊格内修斯·普威特,普威特先生,兄弟
伊格内修斯·普威特,穆丽尔,可能为姐妹
伊格内修斯·普威特,卢克丽霞·布莱克,妻子
伊格内修斯·普威特,普威特夫人,嫂子
伊格内修斯·普威特,莫丽·韦斯莱,侄女
伊格内修斯·普威特,亚瑟·韦斯莱,侄女婿
伊格内修斯·普威特,吉迪翁·普威特,侄子
伊格内修斯·普威特,费比安·普威特,侄子
伊格内修斯·普威特,小天狼星·布莱克,侄子
伊格内修斯·普威特,雷古勒斯·布莱克,侄子
伊格内修斯·普威特,阿克图勒斯·布莱克三世,岳父
伊格内修斯·普威特,梅拉尼娅·麦克米兰,岳母
伊格内修斯·普威特,奥赖恩·布莱克,内弟
伊格内修斯·普威特,韦斯莱家的孩子,侄孙
伊万斯姐妹的父亲,伊万斯夫人,妻子
伊万斯姐妹的父亲,佩妮·伊万斯,女儿
伊万斯姐妹的父亲,莉莉·伊万斯,女儿
伊万斯姐妹的父亲,弗农·德思礼,女婿
伊万斯姐妹的父亲,詹姆·波特,女婿
伊万斯姐妹的父亲,达力·德思礼,外孙
伊万斯姐妹的父亲,哈利·波特,外孙
莱桑德拉·亚克斯利,阿克图勒斯·布莱克二世,丈夫
莱桑德拉·亚克斯利,卡莉朵拉·布莱克,女儿
莱桑德拉·亚克斯利,塞德瑞拉·布莱克,女儿
莱桑德拉·亚克斯利,查莉丝·布莱克,女儿
莱桑德拉·亚克斯利,亚瑟·韦斯莱,外孙
莱桑德拉·亚克斯利,菲尼亚斯·奈杰勒斯·布莱克,公公
莱桑德拉·亚克斯利,乌尔苏拉·弗林特,婆婆
莱桑德拉·亚克斯利,塞普蒂默斯·韦斯莱,女婿
莱桑德拉·亚克斯利,哈方·隆巴顿,女婿
莱桑德拉·亚克斯利,卡斯帕·克劳奇,女婿
莱桑德拉·亚克斯利,亚克斯利,可能存在关系
鲍曼·赖特,赖特先生,父亲
鲍曼·赖特,赖特夫人,母亲
罗丝·韦斯莱,塞普蒂默斯·韦斯莱,父系祖先
罗丝·韦斯莱,塞德瑞拉·布莱克,父系祖先
罗丝·韦斯莱,亚瑟·韦斯莱,祖父
罗丝·韦斯莱,莫丽·韦斯莱,祖母
罗丝·韦斯莱,格兰杰先生,外祖父
罗丝·韦斯莱,格兰杰夫人,外祖母
罗丝·韦斯莱,罗恩·韦斯莱,父亲
罗丝·韦斯莱,赫敏·格兰杰,母亲
罗丝·韦斯莱,雨果·韦斯莱,弟弟
罗丝·韦斯莱,哈利·波特,姑父
罗丝·韦斯莱,金妮·韦斯莱,姑姑
罗丝·韦斯莱,詹姆·小天狼星·波特,表兄弟
罗丝·韦斯莱,阿不思·西弗勒斯·波特,表弟
罗丝·韦斯莱,莉莉·卢娜·波特,表姐妹
路易·韦斯莱,比尔·韦斯莱,父亲
路易·韦斯莱,芙蓉·德拉库尔,母亲
路易·韦斯莱,维克托娃·韦斯莱,姐姐
路易·韦斯莱,多米尼克·韦斯莱,姐姐
路易·韦斯莱,亚瑟·韦斯莱,祖父
路易·韦斯莱,莫丽·韦斯莱,祖母
路易·韦斯莱,德拉库尔先生,外祖父
路易·韦斯莱,阿波琳·德拉库尔,外祖母
路易·韦斯莱,加布丽·德拉库尔,小姨
路易·韦斯莱,金妮·波特,小姑
路易·韦斯莱,哈利·波特,姑父
路易·韦斯莱,詹姆·小天狼星·波特,表兄弟
路易·韦斯莱,阿不思·西弗勒斯·波特,表兄弟
路易·韦斯莱,雨果·韦斯莱,表兄弟
路易·韦斯莱,弗雷德·韦斯莱二世,表兄弟
路易·韦斯莱,莉莉·卢娜·波特,表姐妹
路易·韦斯莱,罗丝·韦斯莱,表姐妹
路易·韦斯莱,罗克珊·韦斯莱,表姐妹
路易·韦斯莱,莫丽·韦斯莱二世,表姐妹
路易·韦斯莱,露西·韦斯莱,表姐妹
路易·韦斯莱,罗恩·韦斯莱,叔叔
路易·韦斯莱,弗雷德·韦斯莱,叔叔
路易·韦斯莱,乔治·韦斯莱,叔叔
路易·韦斯莱,珀西·韦斯莱,叔叔
路易·韦斯莱,查理·韦斯莱,叔叔
路易·韦斯莱,赫敏·格兰杰,阿姨
路易·韦斯莱,安吉利娜·约翰逊,阿姨
路易·韦斯莱,奥黛丽·韦斯莱,阿姨
伊格内修斯·塔夫特,威尔米娜·塔夫特,母亲
多纳汉·特姆利特,特姆利特先生,父亲
多纳汉·特姆利特,特姆利特夫人,母亲
伦纳德·斯潘塞-莫恩,丹尼斯·莫恩,可能存在关系
伦纳德·斯潘塞-莫恩,莫恩,可能存在关系
罗夫·斯卡曼德,纽特·斯卡曼德,祖父
罗夫·斯卡曼德,波尔蓬蒂娜·斯卡曼德,祖母
罗夫·斯卡曼德,奎妮·戈德斯坦,姨祖母
罗夫·斯卡曼德,安东尼·戈德斯坦,远亲
罗夫·斯卡曼德,卢娜·洛夫古德,妻子
罗夫·斯卡曼德,洛肯·斯卡曼德,儿子
罗夫·斯卡曼德,莱桑德·斯卡曼德,儿子
罗夫·斯卡曼德,谢诺菲留斯·洛夫古德,岳父
罗夫·斯卡曼德,潘多拉·洛夫古德,岳母
纽特·斯卡曼德的母亲,纽特·斯卡曼德,儿子
纽特·斯卡曼德的母亲,波尔蓬蒂娜·斯卡曼德,儿媳
纽特·斯卡曼德的母亲,罗夫·斯卡曼德,重孙
查勒斯·波特,多瑞娅·布莱克,妻子
查勒斯·波特,西格纳斯·布莱克二世,岳父
查勒斯·波特,维奥莱塔·伯斯德,岳母
查勒斯·波特,帕勒克斯·布莱克,大舅
查勒斯·波特,马里厄斯·布莱克,大舅
查勒斯·波特,伊尔玛·克拉布,舅嫂
查勒斯·波特,卡西欧佩娅·布莱克,大姨
查勒斯·波特,沃尔布加·布莱克,侄女
查勒斯·波特,阿尔法德·布莱克,侄女
查勒斯·波特,西格纳斯·布莱克三世,侄子
艾琳·普林斯,托比亚·斯内普,丈夫
艾琳·普林斯,西弗勒斯·斯内普,儿子
艾欧兰斯·佩弗利尔,佩弗利尔,父亲
艾欧兰斯·佩弗利尔,哈德温·波特,丈夫
艾欧兰斯·佩弗利尔,斯廷奇库姆的林弗雷德,公公
艾欧兰斯·佩弗利尔,伊格诺图斯·佩弗利尔,祖父
吉米·珀克斯,格兰莫·珀克斯,可能存在关系
伊格诺图斯·佩弗利尔的儿子,伊格诺图斯·佩弗利尔,父亲
伊格诺图斯·佩弗利尔的儿子,安提俄克·佩弗利尔,伯父
伊格诺图斯·佩弗利尔的儿子,卡德摩斯·佩弗利尔,伯父
伊格诺图斯·佩弗利尔的儿子,艾欧兰斯·佩弗利尔,女儿
伊格诺图斯·佩弗利尔的儿子,波特家族,后裔
爱洛伊丝·米德根的父亲,爱洛伊丝·米德根,女儿
卡特丽娜·麦克玛,米格安·麦克玛,女儿
卡特丽娜·麦克玛,柯利·杜克,儿子
米格安·麦克玛,卡特丽娜·麦克玛,母亲
米格安·麦克玛,柯利·杜克,哥哥
布鲁图斯·马尔福,阿曼德·马尔福,祖先
布鲁图斯·马尔福,尼古拉斯·马尔福,祖先
布鲁图斯·马尔福,卢修斯·马尔福一世,祖先
布鲁图斯·马尔福,塞普蒂默斯·马尔福,后裔
布鲁图斯·马尔福,阿布拉克萨斯·马尔福,后裔
布鲁图斯·马尔福,卢修斯·马尔福,后裔
布鲁图斯·马尔福,德拉科·马尔福,后裔
布鲁图斯·马尔福,斯科皮·马尔福,后裔
塞普蒂默斯·马尔福,阿曼德·马尔福,祖先
塞普蒂默斯·马尔福,尼古拉斯·马尔福,祖先
塞普蒂默斯·马尔福,卢修斯·马尔福 I,祖先
塞普蒂默斯·马尔福,布鲁图斯·马尔福,祖先
塞普蒂默斯·马尔福,阿布拉克萨斯·马尔福,后裔
塞普蒂默斯·马尔福,卢修斯·马尔福,后裔
塞普蒂默斯·马尔福,德拉科·马尔福,后裔
塞普蒂默斯·马尔福,斯科皮·马尔福,后裔
潘多拉·洛夫古德,谢诺菲留斯·洛夫古德,丈夫
潘多拉·洛夫古德,卢娜·洛夫古德,女儿
潘多拉·洛夫古德,罗夫·斯卡曼德,女婿
潘多拉·洛夫古德,洛肯·斯卡曼德,外孙
潘多拉·洛夫古德,莱桑德·斯卡曼德,外孙
拉道夫斯·莱斯特兰奇,莱斯特兰奇,后裔
拉道夫斯·莱斯特兰奇,罗道夫斯·莱斯特兰奇,后裔
拉道夫斯·莱斯特兰奇,拉巴斯坦·莱斯特兰奇,后裔
吉德罗·洛哈特,洛哈特先生,父亲
吉德罗·洛哈特,洛哈特夫人,母亲
戴西·胡克姆,蒂尔登·图茨,丈夫
达芙妮·格林格拉斯,阿斯托里亚·格林格拉斯,妹妹
达芙妮·格林格拉斯,德拉科·马尔福,妹夫
达芙妮·格林格拉斯,斯科皮·马尔福,侄子
坦维斯尔·戈沙克,戈沙克夫人,母亲
坦维斯尔·戈沙克,戈沙克先生,父亲
坦维斯尔·戈沙克,迪亚德玛·戈沙克,姐妹
坦维斯尔·戈沙克,罗米达·戈沙克,姐妹
坦维斯尔·戈沙克,米兰达·戈沙克,妹妹
加尔文·格杰恩,格拉迪丝·格杰恩,可能存在关系
加尔文·格杰恩,戴维·格杰恩,可能存在关系
蒂娜·戈德斯坦,戈德斯坦先生,父亲
蒂娜·戈德斯坦,戈德斯坦夫人,母亲
蒂娜·戈德斯坦,奎妮·戈德斯坦,妹妹
蒂娜·戈德斯坦,纽特·斯卡曼德,丈夫
蒂娜·戈德斯坦,罗夫·斯卡曼德,孙子
蒂娜·戈德斯坦,卢娜·洛夫古德,孙媳婦
蒂娜·戈德斯坦,洛肯·斯卡曼德,曾孙
蒂娜·戈德斯坦,莱桑德·斯卡曼德,曾孙
蒂娜·戈德斯坦,斯卡曼德夫人,婆婆
蒂娜·戈德斯坦,安东尼·戈德斯坦,远亲
海斯帕·甘普,天狼星·布莱克二世,丈夫
海斯帕·甘普,阿克图勒斯·布莱克三世,儿子
海斯帕·甘普,雷古勒斯·布莱克一世,儿子
海斯帕·甘普,莱克里丝·布莱克,女儿
海斯帕·甘普,奥赖恩·布莱克,孙子
海斯帕·甘普,卢克丽霞·布莱克,孙女
海斯帕·甘普,菲尼亚斯·奈杰勒斯·布莱克,公公
海斯帕·甘普,乌尔苏拉·弗林特,婆婆
海斯帕·甘普,甘普,可能存在关系
埃德蒙·加德尔盖特的母亲,埃德蒙·加德尔盖特,儿子
安布罗修·弗鲁姆,弗鲁姆夫人,妻子
马库斯·弗林特,乌尔苏拉·弗林特,可能存在关系
马库斯·弗林特,弗林特家族,父系或母系家族
乌尔苏拉·弗林特,菲尼亚斯·奈杰勒斯·布莱克,丈夫
乌尔苏拉·弗林特,天狼星·布莱克二世,儿子
乌尔苏拉·弗林特,菲尼亚斯·布莱克,儿子
乌尔苏拉·弗林特,西格纳斯·布莱克二世,儿子
乌尔苏拉·弗林特,阿克图勒斯·布莱克二世,儿子
乌尔苏拉·弗林特,贝尔维娜·布莱克,女儿
乌尔苏拉·弗林特,阿克图勒斯·布莱克三世,孙子
乌尔苏拉·弗林特,雷古勒斯·布莱克一世,孙子
乌尔苏拉·弗林特,帕勒克斯·布莱克,孙子
乌尔苏拉·弗林特,马里厄斯·布莱克,孙子
乌尔苏拉·弗林特,莱克里丝·布莱克,孙女
乌尔苏拉·弗林特,卡西欧佩娅·布莱克,孙女
乌尔苏拉·弗林特,多瑞娅·布莱克,孙女
乌尔苏拉·弗林特,卡莉朵拉·布莱克,孙女
乌尔苏拉·弗林特,塞德瑞拉·布莱克,孙女
乌尔苏拉·弗林特,查莉丝·布莱克,孙女
乌尔苏拉·弗林特,马库斯·弗林特,可能存在关系
鲁弗斯·福吉,康奈利·福吉,叔叔
鲁弗斯·福吉,福吉夫人,阿姨
阿不福思·邓布利多,珀西瓦尔·邓布利多,父亲
阿不福思·邓布利多,坎德拉·邓布利多,母亲
阿不福思·邓布利多,阿不思·邓布利多,哥哥
阿不福思·邓布利多,阿利安娜·邓布利多,妹妹
阿不福思·邓布利多,霍诺利亚,姑妈
玛丽·卡特莫尔,雷吉纳尔德·卡特莫尔,丈夫
玛丽·卡特莫尔,梅齐·卡特莫尔,女儿
玛丽·卡特莫尔,埃莉·卡特莫尔,女儿
玛丽·卡特莫尔,阿尔弗雷德·卡特莫尔,儿子
凯文·布罗德莫,卡尔·布罗德莫,弟弟
卡尔·布罗德莫,凯文·布罗德莫,哥哥
齐格蒙特·巴奇,巴奇夫人,母亲
维奥莱塔·伯斯德,西格纳斯·布莱克二世,丈夫
维奥莱塔·伯斯德,菲尼亚斯·奈杰勒斯·布莱克,公公
维奥莱塔·伯斯德,乌尔苏拉·弗林特,婆婆
维奥莱塔·伯斯德,帕勒克斯·布莱克,儿子
维奥莱塔·伯斯德,马里厄斯·布莱克,儿子
维奥莱塔·伯斯德,伊尔玛·克拉布,儿媳
维奥莱塔·伯斯德,卡西欧佩娅·布莱克,女儿
维奥莱塔·伯斯德,多瑞娅·布莱克,女儿
维奥莱塔·伯斯德,查勒斯·波特,女婿
维奥莱塔·伯斯德,西格纳斯·布莱克三世,孙子
维奥莱塔·伯斯德,阿尔法德·布莱克,孙子
维奥莱塔·伯斯德,沃尔布加·布莱克,孙女
维奥莱塔·伯斯德,米里森·伯斯德,可能存在关系
卡莉朵拉·布莱克,阿克图勒斯·布莱克二世,父亲
卡莉朵拉·布莱克,莱桑德拉·亚克斯利,母亲
卡莉朵拉·布莱克,查莉丝·布莱克,妹妹
卡莉朵拉·布莱克,塞德瑞拉·布莱克,妹妹
卡莉朵拉·布莱克,卡斯帕·克劳奇,妹夫
卡莉朵拉·布莱克,塞普蒂默斯·韦斯莱,妹夫
卡莉朵拉·布莱克,亚瑟·韦斯莱,外甥
卡莉朵拉·布莱克,菲尼亚斯·奈杰勒斯·布莱克,祖父
卡莉朵拉·布莱克,乌尔苏拉·弗林特,祖母
卡莉朵拉·布莱克,天狼星·布莱克二世,伯父
卡莉朵拉·布莱克,菲尼亚斯·布莱克,伯父
卡莉朵拉·布莱克,西格纳斯·布莱克二世,叔父
卡莉朵拉·布莱克,贝尔维娜·布莱克,姑妈
卡莉朵拉·布莱克,哈方·隆巴顿,丈夫
卡莉朵拉·布莱克,阿尔吉,可能存在关系
卡莉朵拉·布莱克,奥古斯塔·隆巴顿,可能存在关系
卡莉朵拉·布莱克,弗兰克·隆巴顿,可能存在关系
卡莉朵拉·布莱克,艾丽斯·隆巴顿,可能存在关系
卡莉朵拉·布莱克,纳威·隆巴顿,可能存在关系
卢多·巴格曼的父亲,卢多·巴格曼,儿子
卢多·巴格曼的父亲,奥托·巴格曼,儿子
卢多·巴格曼,巴格曼先生,父亲
卢多·巴格曼,奥托·巴格曼,弟弟
加布丽·德拉库尔,德拉库尔先生,父亲
加布丽·德拉库尔,阿波琳·德拉库尔,母亲
加布丽·德拉库尔,芙蓉·德拉库尔,姐姐
加布丽·德拉库尔,比尔·韦斯莱,姐夫
加布丽·德拉库尔,维克托娃·韦斯莱,外甥女
加布丽·德拉库尔,多米尼克·韦斯莱,外甥女
加布丽·德拉库尔,路易·韦斯莱,外甥
布鲁诺·施密特,施密特先生,父亲
内丽达·沃卡诺娃,沃卡诺夫,可能存在关系
内丽达·沃卡诺娃,波里斯·沃卡诺夫,可能存在关系
波里斯·沃卡诺夫,沃卡诺夫,父亲
波里斯·沃卡诺夫,内丽达·沃卡诺娃,可能存在关系
莱弗斯基,博格米尔·莱弗斯基,儿子
沃卡诺夫,波里斯·沃卡诺夫,儿子
沃卡诺夫,内丽达·沃卡诺娃,可能存在关系
布特兄弟的父亲,布特夫人,妻子
布特兄弟的父亲,查威克·布特,儿子
布特兄弟的父亲,韦伯·布特,儿子
布特兄弟的父亲,荷西菲娜·卡德隆,儿媳
布特兄弟的父亲,布特夫人,儿媳
布特兄弟的父亲,泰瑞·布特,后裔
芙蓉·德拉库尔,德拉库尔先生,父亲
芙蓉·德拉库尔,阿波琳·德拉库尔,母亲
芙蓉·德拉库尔,加布丽·德拉库尔,妹妹
芙蓉·德拉库尔,比尔·韦斯莱,丈夫
芙蓉·德拉库尔,维克托娃·韦斯莱,女儿
芙蓉·德拉库尔,多米尼克·韦斯莱,女儿
芙蓉·德拉库尔,路易·韦斯莱,儿子
芙蓉·德拉库尔,亚瑟·韦斯莱,公公
芙蓉·德拉库尔,莫丽·韦斯莱,婆婆
芙蓉·德拉库尔,查理·韦斯莱,弟弟
芙蓉·德拉库尔,珀西·韦斯莱,弟弟
芙蓉·德拉库尔,弗雷德·韦斯莱,弟弟
芙蓉·德拉库尔,乔治·韦斯莱,弟弟
芙蓉·德拉库尔,罗恩·韦斯莱,弟弟
芙蓉·德拉库尔,奥黛丽·韦斯莱,嫂子
芙蓉·德拉库尔,安吉利娜·约翰逊,嫂子
芙蓉·德拉库尔,莫丽·韦斯莱二世,外甥女
芙蓉·德拉库尔,露西·韦斯莱,外甥女
芙蓉·德拉库尔,罗克珊·韦斯莱,外甥女
芙蓉·德拉库尔,罗丝·韦斯莱,外甥女
芙蓉·德拉库尔,弗雷德·韦斯莱二世,外甥
芙蓉·德拉库尔,雨果·韦斯莱,外甥
芙蓉·德拉库尔,赫敏·格兰杰,弟媳
芙蓉·德拉库尔,金妮·韦斯莱,小姑
芙蓉·德拉库尔,哈利·波特,妹夫
芙蓉·德拉库尔,詹姆·小天狼星·波特,侄子
芙蓉·德拉库尔,阿不思·西弗勒斯·波特,侄子
芙蓉·德拉库尔,莉莉·卢娜·波特,侄女
芙蓉·德拉库尔,韦斯莱家族,亲家
查威克·布特,布特先生,父亲
查威克·布特,布特夫人,母亲
查威克·布特,韦伯·布特,弟弟
查威克·布特,伊索特·塞耶,养母
查威克·布特,詹姆·斯图尔特,养父
查威克·布特,玛莎·斯图尔特,养妹
查威克·布特,雷欧娜·斯图尔特,养妹
查威克·布特,荷西菲娜·卡德隆,妻子
赫敏·格兰杰,格兰杰先生,父亲
赫敏·格兰杰,格兰杰夫人,母亲
赫敏·格兰杰,罗恩·韦斯莱,丈夫
赫敏·格兰杰,雨果·韦斯莱,儿子
赫敏·格兰杰,罗丝·韦斯莱,女儿
赫敏·格兰杰,亚瑟·韦斯莱,公公
赫敏·格兰杰,莫丽·韦斯莱,婆婆
赫敏·格兰杰,哈利·波特,妹夫
赫敏·格兰杰,金妮·韦斯莱,小姑
赫敏·格兰杰,詹姆·小天狼星·波特,侄子/教子
赫敏·格兰杰,阿不思·波特,侄子
赫敏·格兰杰,莉莉·波特,侄女
赫敏·格兰杰,弗雷德·韦斯莱,哥哥
赫敏·格兰杰,乔治·韦斯莱,哥哥
赫敏·格兰杰,珀西·韦斯莱,哥哥
赫敏·格兰杰,查理·韦斯莱,哥哥
赫敏·格兰杰,比尔·韦斯莱,哥哥
赫敏·格兰杰,安吉利娜·约翰逊,嫂子
赫敏·格兰杰,奥黛丽·韦斯莱,嫂子
赫敏·格兰杰,芙蓉·德拉库尔,嫂子
赫敏·格兰杰,弗雷德·韦斯莱,外甥
赫敏·格兰杰,路易·韦斯莱,外甥
赫敏·格兰杰,罗克珊·韦斯莱,外甥女
赫敏·格兰杰,莫丽·韦斯莱,外甥女
赫敏·格兰杰,露西·韦斯莱,外甥女
赫敏·格兰杰,维克托娃·韦斯莱,外甥女
赫敏·格兰杰,多米尼克·韦斯莱,外甥女
赫敏·格兰杰,赫托克·达格沃斯-格兰杰,可能为远亲
哈利·波特,伊格诺图斯·佩弗利尔,父系祖先
哈利·波特,斯廷奇库姆的林弗雷德,父系祖先
哈利·波特,詹姆·波特,父亲
哈利·波特,莉莉·波特,母亲
哈利·波特,弗利蒙·波特,祖父
哈利·波特,尤菲米娅·波特,祖母
哈利·波特,伊万斯先生,外祖父
哈利·波特,伊万斯夫人,外祖母
哈利·波特,佩妮·德思礼,姨妈
哈利·波特,弗农·德思礼,姨父
哈利·波特,达力·德思礼,表哥
哈利·波特,德思礼夫人,表嫂
哈利·波特,达力的孩子,表侄
哈利·波特,金妮·波特,妻子
哈利·波特,詹姆·小天狼星·波特,儿子
哈利·波特,阿不思·西弗勒斯·波特,儿子
哈利·波特,莉莉·卢娜·波特,女儿
哈利·波特,亚瑟·韦斯莱,岳父
哈利·波特,莫丽·韦斯莱,岳母
哈利·波特,罗恩·韦斯莱,内兄
哈利·波特,弗雷德·韦斯莱,内兄
哈利·波特,乔治·韦斯莱,内兄
哈利·波特,比尔·韦斯莱,内兄
哈利·波特,查理·韦斯莱,内兄
哈利·波特,珀西·韦斯莱,内兄
哈利·波特,赫敏·格兰杰,嫂子
哈利·波特,安吉利娜·约翰逊,嫂子
哈利·波特,安吉利娜·约翰逊,嫂子
哈利·波特,芙蓉·德拉库尔,嫂子
哈利·波特,奥黛丽·韦斯莱,嫂子
哈利·波特,罗丝·韦斯莱,侄女
哈利·波特,罗克珊·韦斯莱,侄女
哈利·波特,维克托娃·韦斯莱,侄女
哈利·波特,多米尼克·韦斯莱,侄女
哈利·波特,莫丽·韦斯莱二世,侄女
哈利·波特,露西·韦斯莱,侄女
哈利·波特,雨果·韦斯莱,侄子
哈利·波特,弗雷德·韦斯莱二世,侄子
哈利·波特,路易斯·韦斯莱,侄子
哈利·波特,汤姆·里德尔,远房亲戚
亨利·波特,波特夫人,母亲
亨利·波特,弗利蒙·波特,儿子
亨利·波特,尤菲米娅·波特,儿媳
亨利·波特,詹姆·波特,孙子
西比尔·特里劳尼,特里劳尼先生,父亲
西比尔·特里劳尼,特里劳尼夫人,母亲
西比尔·特里劳尼,希格尔博特姆,前夫
西比尔·特里劳尼,卡桑德拉·特里劳尼,高祖母
哈德温·波特,斯廷奇库姆的林弗雷德,父亲
哈德温·波特,艾欧兰斯·佩弗利尔,妻子
阿不思·西弗勒斯·波特,伊格诺图斯·佩弗利尔,父系祖先
阿不思·西弗勒斯·波特,斯廷奇库姆的林弗雷德,父系祖先
阿不思·西弗勒斯·波特,詹姆·波特,祖父
阿不思·西弗勒斯·波特,莉莉·伊万斯,祖母
阿不思·西弗勒斯·波特,亚瑟·韦斯莱,外祖父
阿不思·西弗勒斯·波特,莫丽·韦斯莱,外祖母
阿不思·西弗勒斯·波特,哈利·波特,父亲
阿不思·西弗勒斯·波特,金妮·波特,母亲
阿不思·西弗勒斯·波特,詹姆·小天狼星·波特,哥哥
阿不思·西弗勒斯·波特,莉莉·卢娜·波特,妹妹
阿不思·西弗勒斯·波特,罗恩·韦斯莱,舅舅
阿不思·西弗勒斯·波特,弗雷德·韦斯莱,舅舅
阿不思·西弗勒斯·波特,乔治·韦斯莱,舅舅
阿不思·西弗勒斯·波特,弗雷德·韦斯莱二世,舅舅
阿不思·西弗勒斯·波特,珀西·韦斯莱,舅舅
阿不思·西弗勒斯·波特,比尔·韦斯莱,舅舅
阿不思·西弗勒斯·波特,查理·韦斯莱,舅舅
阿不思·西弗勒斯·波特,赫敏·格兰杰,舅母
阿不思·西弗勒斯·波特,安吉利娜·约翰逊,舅母
阿不思·西弗勒斯·波特,奥黛丽·韦斯莱,舅母
阿不思·西弗勒斯·波特,芙蓉·德拉库尔,舅母
阿不思·西弗勒斯·波特,罗丝·韦斯莱,表姐妹
阿不思·西弗勒斯·波特,罗克珊·韦斯莱,表姐妹
阿不思·西弗勒斯·波特,莫丽·韦斯莱二世,表姐妹
阿不思·西弗勒斯·波特,露西·韦斯莱,表姐妹
阿不思·西弗勒斯·波特,雨果·韦斯莱,表兄弟
阿不思·西弗勒斯·波特,维克托娃·韦斯莱,表姐
阿不思·西弗勒斯·波特,多米尼克·韦斯莱,表姐
阿不思·西弗勒斯·波特,路易·韦斯莱,表兄
伊格诺图斯·佩弗利尔,卡德摩斯·佩弗利尔,哥哥
伊格诺图斯·佩弗利尔,安提俄克·佩弗利尔,哥哥
伊格诺图斯·佩弗利尔,弗利蒙·波特,后裔
伊格诺图斯·佩弗利尔,詹姆·波特,后裔
伊格诺图斯·佩弗利尔,哈利·波特,后裔
伊格诺图斯·佩弗利尔,詹姆·小天狼星·波特,后裔
伊格诺图斯·佩弗利尔,阿不思·西弗勒斯·波特,后裔
伊格诺图斯·佩弗利尔,莉莉·卢娜·波特,后裔
杜戈尔·麦格雷格的父亲,杜戈尔·麦格雷格,儿子
杜戈尔·麦格雷格的父亲,麦格雷格夫人,儿媳
老罗伯特·麦格的父亲,麦格夫人,妻子
老罗伯特·麦格的父亲,老罗伯特·麦格,儿子
老罗伯特·麦格的父亲,伊泽贝尔·罗斯,儿媳
老罗伯特·麦格的父亲,米勒娃·麦格,孙女
老罗伯特·麦格的父亲,马尔科姆·麦格,孙子
老罗伯特·麦格的父亲,小罗伯特·麦格,孙子
托基尔·麦克塔维什,塔奎因·麦克塔维什,可能存在关系
杜戈尔·麦格雷格的岳父,麦格雷格夫人,女儿
杜戈尔·麦格雷格的岳父,杜戈尔·麦格雷格,女婿
杜戈尔·麦格雷格的岳父,麦格雷格先生,亲家公
小罗伯特·麦格,老罗伯特·麦格,父亲
小罗伯特·麦格,伊泽贝尔·罗斯,母亲
小罗伯特·麦格,米勒娃·麦格,姐姐
小罗伯特·麦格,马尔科姆·麦格,哥哥
小罗伯特·麦格,麦格先生,祖父
小罗伯特·麦格,麦格夫人,祖母
小罗伯特·麦格,罗斯先生,外祖父
小罗伯特·麦格,罗斯夫人,外祖母
小罗伯特·麦格,埃尔芬斯通·埃尔科特,姐夫
老罗伯特·麦格,麦格先生,父亲
老罗伯特·麦格,麦格夫人,母亲
老罗伯特·麦格,伊泽贝尔·罗斯,妻子
老罗伯特·麦格,米勒娃·麦格,女儿
老罗伯特·麦格,马尔科姆·麦格,儿子
老罗伯特·麦格,小罗伯特·麦格,儿子
老罗伯特·麦格,米勒娃,太岳母
老罗伯特·麦格,罗斯先生,岳父
老罗伯特·麦格,罗斯夫人,岳母
老罗伯特·麦格,埃尔芬斯通·埃尔科特,女婿
马尔科姆·麦格,老罗伯特·麦格,父亲
马尔科姆·麦格,伊泽贝尔·罗斯,母亲
马尔科姆·麦格,米勒娃·麦格,姐姐
马尔科姆·麦格,小罗伯特·麦格,弟弟
马尔科姆·麦格,麦格先生,祖父
马尔科姆·麦格,麦格夫人,祖母
马尔科姆·麦格,罗斯先生,外祖父
马尔科姆·麦格,罗斯夫人,外祖母
马尔科姆·麦格,埃尔芬斯通·埃尔科特,姐夫
穆斯塔法·卡玛,劳瑞娜·卡玛,妻子
穆斯塔法·卡玛,尤瑟夫·卡玛,儿子
埃德蒙·加德尔盖特,加德尔盖特夫人,母亲
阿斯托里亚·格林格拉斯,达芙妮·格林格拉斯,姐姐
阿斯托里亚·格林格拉斯,德拉科·马尔福,丈夫
阿斯托里亚·格林格拉斯,斯科皮·马尔福,儿子
阿斯托里亚·格林格拉斯,卢修斯·马尔福,公公
阿斯托里亚·格林格拉斯,纳西莎·马尔福,婆婆
凯利·布朗,拉文德·布朗,可能为表姐
莫恩,丹尼斯·莫恩,可能存在关系
莫恩,伦纳德·斯潘塞-莫恩,可能存在关系
爱洛伊丝·米德根,米德根先生,父亲
斯特宾斯 (1960年代),斯特宾斯,可能存在关系
米兰达·戈沙克,戈沙克夫人,母亲
米兰达·戈沙克,戈沙克先生,父亲
米兰达·戈沙克,迪亚德玛·戈沙克,姐姐
米兰达·戈沙克,罗米达·戈沙克,姐姐
米兰达·戈沙克,坦维斯尔·戈沙克,姐姐
戴维·格杰恩,格拉迪丝·格杰恩,可能存在关系
戴维·格杰恩,加尔文·格杰恩,可能存在关系
安多米达·唐克斯,西格纳斯·布莱克三世,父亲
安多米达·唐克斯,德鲁埃拉·罗齐尔,母亲
安多米达·唐克斯,贝拉特里克斯·莱斯特兰奇,姐姐
安多米达·唐克斯,纳西莎·马尔福,妹妹
安多米达·唐克斯,泰德·唐克斯,丈夫
安多米达·唐克斯,尼法朵拉·唐克斯,女儿
安多米达·唐克斯,莱姆斯·卢平,女婿
安多米达·唐克斯,泰迪·卢平,外孙子
安多米达·唐克斯,罗道夫斯·莱斯特兰奇,姐夫
安多米达·唐克斯,卢修斯·马尔福,妹夫
安多米达·唐克斯,德拉科·马尔福,外甥
安多米达·唐克斯,沃尔布加·布莱克,姑妈
安多米达·唐克斯,奥赖恩·布莱克,姑父
安多米达·唐克斯,阿尔法德·布莱克,叔叔
安多米达·唐克斯,小天狼星·布莱克,表弟
安多米达·唐克斯,雷古勒斯·布莱克,表弟
安多米达·唐克斯,帕勒克斯·布莱克,祖父
安多米达·唐克斯,伊尔玛·克拉布,祖母
安多米达·唐克斯,唐克斯家族,亲家
安多米达·唐克斯,罗齐尔家族,母氏家族
安多米达·唐克斯,布莱克家族,母氏家族
弗里德瓦法,海格先生,前夫
弗里德瓦法,鲁伯·海格,儿子
弗里德瓦法,格洛普,儿子
弗里德瓦法,格洛普的父亲,伴侣
威尔达·格里思,格林尼·格里思,可能存在关系
奥黛丽·韦斯莱,珀西·韦斯莱,丈夫
奥黛丽·韦斯莱,露西·韦斯莱,女儿
奥黛丽·韦斯莱,莫丽·韦斯莱二世,女儿
奥黛丽·韦斯莱,亚瑟·韦斯莱,公公
奥黛丽·韦斯莱,莫丽·韦斯莱,婆婆
奥利夫·洪贝,洪贝先生,哥哥
塞德瑞拉·布莱克,阿克图勒斯·布莱克二世,父亲
塞德瑞拉·布莱克,莱桑德拉·亚克斯利,母亲
塞德瑞拉·布莱克,查莉丝·布莱克,妹妹
塞德瑞拉·布莱克,卡莉朵拉·布莱克,姐姐
塞德瑞拉·布莱克,塞普蒂默斯·韦斯莱,丈夫
塞德瑞拉·布莱克,亚瑟·韦斯莱,儿子
塞德瑞拉·布莱克,卡斯帕·克劳奇,妹夫
塞德瑞拉·布莱克,哈方·隆巴顿,姐夫
塞德瑞拉·布莱克,莫丽·普威特,儿媳
塞德瑞拉·布莱克,比尔·韦斯莱,孙子
塞德瑞拉·布莱克,查理·韦斯莱,孙子
塞德瑞拉·布莱克,珀西·韦斯莱,孙子
塞德瑞拉·布莱克,弗雷德·韦斯莱,孙子
塞德瑞拉·布莱克,乔治·韦斯莱,孙子
塞德瑞拉·布莱克,罗恩·韦斯莱,孙子
塞德瑞拉·布莱克,金妮·韦斯莱,孙女
塞德瑞拉·布莱克,菲尼亚斯·奈杰勒斯·布莱克,祖父
塞德瑞拉·布莱克,乌尔苏拉·弗林特,祖母
塞德瑞拉·布莱克,天狼星·布莱克一世,叔叔
塞德瑞拉·布莱克,菲尼亚斯·布莱克,叔叔
塞德瑞拉·布莱克,西格纳斯·布莱克二世,叔叔
塞德瑞拉·布莱克,贝尔维娜·布莱克,叔叔
埃尔希·珀德,德米特里·珀德,丈夫
吉德罗·洛哈特的姐姐,洛哈特先生,父亲
吉德罗·洛哈特的姐姐,洛哈特夫人,母亲
吉德罗·洛哈特的姐姐,吉德罗·洛哈特,弟弟
佩妮·德思礼,伊万斯先生,父亲
佩妮·德思礼,伊万斯夫人,母亲
佩妮·德思礼,莉莉·伊万斯,妹妹
佩妮·德思礼,弗农·德思礼,丈夫
佩妮·德思礼,玛姬·德思礼,大姑
佩妮·德思礼,德思礼夫人,婆婆
佩妮·德思礼,詹姆·波特,妹夫
佩妮·德思礼,达力·德思礼,儿子
佩妮·德思礼,德思礼夫人,儿媳
佩妮·德思礼,哈利·波特,外甥
佩妮·德思礼,金妮·韦斯莱,外甥媳婦
佩妮·德思礼,詹姆·小天狼星·波特,外甥孙
佩妮·德思礼,阿不思·西弗勒斯·波特,外甥孙
佩妮·德思礼,莉莉·卢娜·波特,外甥孙女
罗克珊·韦斯莱,乔治·韦斯莱,父亲
罗克珊·韦斯莱,安吉利娜·约翰逊,母亲
罗克珊·韦斯莱,弗雷德·韦斯莱二世,哥哥
罗克珊·韦斯莱,弗雷德·韦斯莱,伯父
罗克珊·韦斯莱,亚瑟·韦斯莱,祖父
罗克珊·韦斯莱,莫丽·韦斯莱,祖母
罗克珊·韦斯莱,安吉利娜·约翰逊的父亲,外祖父
多米尼克·韦斯莱,塞普蒂默斯·韦斯莱,父系祖先
多米尼克·韦斯莱,塞德瑞拉·布莱克,父系祖先
多米尼克·韦斯莱,亚瑟·韦斯莱,祖父
多米尼克·韦斯莱,莫丽·韦斯莱,祖母
多米尼克·韦斯莱,德拉库尔先生,外祖父
多米尼克·韦斯莱,阿波琳·德拉库尔,外祖母
多米尼克·韦斯莱,比尔·韦斯莱,父亲
多米尼克·韦斯莱,芙蓉·德拉库尔,母亲
多米尼克·韦斯莱,维克托娃·韦斯莱,姐姐
多米尼克·韦斯莱,路易·韦斯莱,弟弟
多米尼克·韦斯莱,加布丽·德拉库尔,小姨
多米尼克·韦斯莱,金妮·韦斯莱,姑妈
多米尼克·韦斯莱,哈利·波特,姑父
多米尼克·韦斯莱,詹姆·小天狼星·波特,表兄弟
多米尼克·韦斯莱,阿不思·西弗勒斯·波特,表兄弟
多米尼克·韦斯莱,莉莉·卢娜·波特,表姐妹
多米尼克·韦斯莱,罗恩·韦斯莱,叔叔
多米尼克·韦斯莱,弗雷德·韦斯莱,叔叔
多米尼克·韦斯莱,乔治·韦斯莱,叔叔
多米尼克·韦斯莱,珀西·韦斯莱,叔叔
多米尼克·韦斯莱,查理·韦斯莱,叔叔
多米尼克·韦斯莱,赫敏·格兰杰,婶婶
多米尼克·韦斯莱,安吉利娜·约翰逊,婶婶
多米尼克·韦斯莱,奥黛丽·韦斯莱,婶婶
多米尼克·韦斯莱,罗丝·韦斯莱,堂姐妹
多米尼克·韦斯莱,罗克珊·韦斯莱,堂姐妹
多米尼克·韦斯莱,莫丽·韦斯莱二世,堂姐妹
多米尼克·韦斯莱,露西·韦斯莱,堂姐妹
多米尼克·韦斯莱,雨果·韦斯莱,堂兄弟
多米尼克·韦斯莱,弗雷德·韦斯莱二世,堂兄弟
塞蒂娜·沃贝克的母亲,沃贝克先生,丈夫
塞蒂娜·沃贝克的母亲,塞蒂娜·沃贝克,女儿
塞蒂娜·沃贝克的母亲,厄文·瓦布尔,第三任女婿
雷欧娜·斯图尔特,詹姆·斯图尔特,父亲
雷欧娜·斯图尔特,伊索特·塞耶,母亲
雷欧娜·斯图尔特,查威克·布特,被收养的哥哥
雷欧娜·斯图尔特,韦伯·布特,被收养的哥哥
雷欧娜·斯图尔特,玛莎·斯图尔特,双胞胎姐姐
雷欧娜·斯图尔特,玛莎·斯图尔特,祖母
雷欧娜·斯图尔特,威廉·塞耶,外祖父
雷欧娜·斯图尔特,雷欧娜·塞耶,外祖母
雷欧娜·斯图尔特,萨拉查·斯莱特林,祖先
雷欧娜·斯图尔特,莫瑞根,祖先
亨利·波特的母亲,亨利·波特,儿子
亨利·波特的母亲,弗利蒙·波特,孙子
塞蒂娜·沃贝克,沃贝克先生,父亲
塞蒂娜·沃贝克,沃贝克夫人,母亲
塞蒂娜·沃贝克,厄文·瓦布尔,第三任丈夫
老罗伯特·麦格的母亲,麦格先生,丈夫
老罗伯特·麦格的母亲,老罗伯特·麦格,儿子
老罗伯特·麦格的母亲,伊泽贝尔·罗斯,儿媳
老罗伯特·麦格的母亲,米勒娃·麦格,孙女
老罗伯特·麦格的母亲,马尔科姆·麦格,孙子
老罗伯特·麦格的母亲,小罗伯特·麦格,孙子
瓦尔梅·摩根,格温多·摩根,可能存在关系
杜戈尔·麦格雷格的妻子,杜戈尔·麦格雷格,丈夫
杜戈尔·麦格雷格的妻子,麦格雷格先生,公公
鲁伯·海格,海格先生,父亲
鲁伯·海格,弗里德瓦法,母亲
鲁伯·海格,格洛普,同母异父的弟弟
鲁伯·海格,格洛普的父亲,继父
柯利·杜克,卡特丽娜·麦克玛,母亲
柯利·杜克,米格安·麦克玛,妹妹
玛姬·德思礼,德思礼夫人,母亲
玛姬·德思礼,弗农·德思礼,弟弟
玛姬·德思礼,佩妮·德思礼,弟媳
玛姬·德思礼,达力·德思礼,侄子
厄文·瓦布尔,塞蒂娜·沃贝克,妻子
厄文·瓦布尔,沃贝克先生,岳父
厄文·瓦布尔,沃贝克夫人,岳母
格洛普,弗里德瓦法,母亲
格洛普,鲁伯·海格,同母异父哥哥
菲尼亚斯·布莱克,菲尼亚斯·奈杰勒斯·布莱克,父亲
菲尼亚斯·布莱克,乌尔苏拉·弗林特,母亲
菲尼亚斯·布莱克,天狼星·布莱克二世,哥哥
菲尼亚斯·布莱克,西格纳斯·布莱克二世,弟弟
菲尼亚斯·布莱克,阿克图勒斯·布莱克二世,弟弟
菲尼亚斯·布莱克,贝尔维娜·布莱克,妹妹
马格纳斯·麦克唐纳,玛丽·麦克唐纳,可能存在关系
玛丽·多尔金,拉格马·多尔金,可能存在关系
塞蒂娜·沃贝克的第一任丈夫,塞蒂娜·沃贝克,前妻
塞蒂娜·沃贝克的第一任丈夫,沃贝克先生,前岳父
塞蒂娜·沃贝克的第一任丈夫,沃贝克夫人,前岳母
比尔·韦斯莱,塞普蒂默斯·韦斯莱,祖父
比尔·韦斯莱,塞德瑞拉·布莱克,祖母
比尔·韦斯莱,穆丽尔,姨婆
比尔·韦斯莱,普威特先生,外祖父
比尔·韦斯莱,普威特夫人,外祖母
比尔·韦斯莱,亚瑟·韦斯莱,父亲
比尔·韦斯莱,莫丽·韦斯莱,母亲
比尔·韦斯莱,查理·韦斯莱,弟弟
比尔·韦斯莱,珀西·韦斯莱,弟弟
比尔·韦斯莱,弗雷德·韦斯莱,弟弟
比尔·韦斯莱,乔治·韦斯莱,弟弟
比尔·韦斯莱,罗恩·韦斯莱,弟弟
比尔·韦斯莱,金妮·韦斯莱,妹妹
比尔·韦斯莱,加布丽·德拉库尔,妹妹
比尔·韦斯莱,芙蓉·德拉库尔,妻子
比尔·韦斯莱,维克托娃·韦斯莱,女儿
比尔·韦斯莱,多米尼克·韦斯莱,女儿
比尔·韦斯莱,路易·韦斯莱,儿子
比尔·韦斯莱,比利尔斯,叔叔
比尔·韦斯莱,吉迪翁·普威特,舅舅
比尔·韦斯莱,费比安·普威特,舅舅
比尔·韦斯莱,哈利·波特,妹夫
比尔·韦斯莱,赫敏·格兰杰,弟媳
比尔·韦斯莱,安吉利娜·约翰逊,弟媳
比尔·韦斯莱,奥黛丽·韦斯莱,弟媳
比尔·韦斯莱,莫丽·韦斯莱二世,侄女
比尔·韦斯莱,露西·韦斯莱,侄女
比尔·韦斯莱,罗克珊·韦斯莱,侄女
比尔·韦斯莱,罗丝·韦斯莱,侄女
比尔·韦斯莱,弗雷德·韦斯莱二世,侄子
比尔·韦斯莱,雨果·韦斯莱,侄子
比尔·韦斯莱,詹姆·小天狼星·波特,外甥/教子
比尔·韦斯莱,阿不思·西弗勒斯·波特,外甥
比尔·韦斯莱,莉莉·卢娜·波特,外甥女
比尔·韦斯莱,阿波琳·德拉库尔,岳母
比尔·韦斯莱,德拉库尔先生,岳父
查理·韦斯莱,塞普蒂默斯·韦斯莱,祖父
查理·韦斯莱,塞德瑞拉·布莱克,祖母
查理·韦斯莱,普威特先生,外祖父
查理·韦斯莱,普威特夫人,外祖母
查理·韦斯莱,比利尔斯,叔叔
查理·韦斯莱,吉迪翁·普威特,舅舅
查理·韦斯莱,费比安·普威特,舅舅
查理·韦斯莱,亚瑟·韦斯莱,父亲
查理·韦斯莱,莫丽·韦斯莱,母亲
查理·韦斯莱,比尔·韦斯莱,哥哥
查理·韦斯莱,珀西·韦斯莱,弟弟
查理·韦斯莱,弗雷德·韦斯莱,弟弟
查理·韦斯莱,乔治·韦斯莱,弟弟
查理·韦斯莱,罗恩·韦斯莱,弟弟
查理·韦斯莱,金妮·韦斯莱,妹妹
查理·韦斯莱,芙蓉·德拉库尔,嫂子
查理·韦斯莱,哈利·波特,妹夫
查理·韦斯莱,赫敏·格兰杰,弟媳
查理·韦斯莱,奥黛丽·韦斯莱,弟媳
查理·韦斯莱,安吉利娜·约翰逊,弟媳
查理·韦斯莱,维克托娃·韦斯莱,侄女
查理·韦斯莱,多米尼克·韦斯莱,侄女
查理·韦斯莱,罗丝·韦斯莱,侄女
查理·韦斯莱,罗克珊·韦斯莱,侄女
查理·韦斯莱,路易·韦斯莱,侄子
查理·韦斯莱,莫丽·韦斯莱二世,侄子
查理·韦斯莱,露西·韦斯莱,侄子
查理·韦斯莱,雨果·韦斯莱,侄子
查理·韦斯莱,弗雷德·韦斯莱二世,侄子
查理·韦斯莱,詹姆·小天狼星·波特,外甥
查理·韦斯莱,阿不思·西弗勒斯·波特,外甥女
查理·韦斯莱,莉莉·卢娜·波特,外甥女
帕金 (追球手II),沃尔特·帕金,父亲
帕金 (追球手II),帕金 ,兄妹
帕金 (追球手II),帕金 ,兄妹
帕金 (追球手II),帕金 ,兄妹
帕金 (追球手II),帕金 ,兄妹
帕金 (追球手II),帕金 ,兄妹
帕金 (追球手II),帕金 ,兄妹
帕金 (守门员),沃尔特·帕金,父亲
帕金 (守门员),帕金 ,兄妹
帕金 (守门员),帕金 ,兄妹
帕金 (守门员),帕金 ,兄妹
帕金 (守门员),帕金 ,兄妹
帕金 (守门员),帕金 ,兄妹
帕金 (守门员),帕金 ,兄妹
帕金 (追球手III),沃尔特·帕金,父亲
帕金 (追球手III),帕金 ,兄妹
帕金 (追球手III),帕金 ,兄妹
帕金 (追球手III),帕金 ,兄妹
帕金 (追球手III),帕金 ,兄妹
帕金 (追球手III),帕金 ,兄妹
帕金 (追球手III),帕金 ,兄妹
帕金 (追球手I),沃尔特·帕金,父亲
帕金 (追球手I),帕金 ,兄妹
帕金 (追球手I),帕金 ,兄妹
帕金 (追球手I),帕金 ,兄妹
帕金 (追球手I),帕金 ,兄妹
帕金 (追球手I),帕金 ,兄妹
帕金 (追球手I),帕金 ,兄妹
帕金 (找球手),沃尔特·帕金,父亲
帕金 (找球手),帕金 ,兄妹
帕金 (找球手),帕金 ,兄妹
帕金 (找球手),帕金 ,兄妹
帕金 (找球手),帕金 ,兄妹
帕金 (找球手),帕金 ,兄妹
帕金 (找球手),帕金 ,兄妹
帕金 (击球手I),沃尔特·帕金,父亲
帕金 (击球手I),帕金 ,兄妹
帕金 (击球手I),帕金 ,兄妹
帕金 (击球手I),帕金 ,兄妹
帕金 (击球手I),帕金 ,兄妹
帕金 (击球手I),帕金 ,兄妹
帕金 (击球手I),帕金 ,兄妹
帕金 (击球手II),沃尔特·帕金,父亲
帕金 (击球手II),帕金 ,兄妹
帕金 (击球手II),帕金 ,兄妹
帕金 (击球手II),帕金 ,兄妹
帕金 (击球手II),帕金 ,兄妹
帕金 (击球手II),帕金 ,兄妹
帕金 (击球手II),帕金 ,兄妹
奎格利,芬巴·奎格利,可能存在关系
奥利弗·伍德,伍德先生,父亲
奥利弗·伍德,伍德夫人,母亲
蒂尔登·图茨,戴西·胡克姆,妻子
斯廷奇库姆的林弗雷德,哈德温·波特,儿子
斯廷奇库姆的林弗雷德,艾欧兰斯·佩弗利尔,儿媳
莫迪丝蒂·拉布诺,洛登丝,姐姐
亚瑟·韦斯莱,塞普蒂默斯·韦斯莱,父亲
亚瑟·韦斯莱,塞德瑞拉·布莱克,母亲
亚瑟·韦斯莱,比利尔斯,兄弟或舅子
亚瑟·韦斯莱,阿克图勒斯·布莱克二世,外祖父
亚瑟·韦斯莱,莱桑德拉·亚克斯利,外祖母
亚瑟·韦斯莱,莫丽·韦斯莱,妻子
亚瑟·韦斯莱,普威特先生,岳父
亚瑟·韦斯莱,普威特夫人,岳母
亚瑟·韦斯莱,比尔·韦斯莱,儿子
亚瑟·韦斯莱,查理·韦斯莱,儿子
亚瑟·韦斯莱,珀西·韦斯莱,儿子
亚瑟·韦斯莱,弗雷德·韦斯莱,儿子
亚瑟·韦斯莱,乔治·韦斯莱,儿子
亚瑟·韦斯莱,罗恩·韦斯莱,儿子
亚瑟·韦斯莱,金妮·韦斯莱,女儿
亚瑟·韦斯莱,穆丽尔,姨岳母
亚瑟·韦斯莱,吉迪翁·普威特,大舅子
亚瑟·韦斯莱,费比安·普威特,大舅子
亚瑟·韦斯莱,芙蓉·德拉库尔,儿媳
亚瑟·韦斯莱,奥黛丽·韦斯莱,儿媳
亚瑟·韦斯莱,安吉利娜·约翰逊,儿媳
亚瑟·韦斯莱,赫敏·格兰杰,儿媳
亚瑟·韦斯莱,哈利·波特,女婿
亚瑟·韦斯莱,维克托娃·韦斯莱,孙女
亚瑟·韦斯莱,多米尼克·韦斯莱,孙女
亚瑟·韦斯莱,莫丽·韦斯莱二世,孙女
亚瑟·韦斯莱,露西·韦斯莱,孙女
亚瑟·韦斯莱,罗克珊·韦斯莱,孙女
亚瑟·韦斯莱,罗丝·韦斯莱,孙女
亚瑟·韦斯莱,路易·韦斯莱,孙子
亚瑟·韦斯莱,弗雷德·韦斯莱二世,孙子
亚瑟·韦斯莱,雨果·韦斯莱,孙子
亚瑟·韦斯莱,詹姆·小天狼星·波特,外孙
亚瑟·韦斯莱,阿不思·西弗勒斯·波特,外孙
亚瑟·韦斯莱,莉莉·卢娜·波特,外孙女
福洛林·福斯科,德克斯特·福斯科,祖先
阿莫斯·迪戈里,迪戈里夫人,妻子
阿莫斯·迪戈里,塞德里克·迪戈里,儿子
塞蒂娜·沃贝克的父亲,沃贝克夫人,妻子
塞蒂娜·沃贝克的父亲,塞蒂娜·沃贝克,女儿
塞蒂娜·沃贝克的父亲,厄文·瓦布尔,第三任女婿
阿诺德·皮斯古德,亚伯拉罕·皮斯古德,可能存在关系
阿基·阿尔德顿,阿奇博尔德·阿尔德顿,可能存在关系
鲍勃·奥勒敦,巴纳比·奥勒敦,兄弟
鲍勃·奥勒敦,比尔·奥勒敦,兄弟
鲍勃·奥勒敦,吉福德·奥勒敦,可能存在关系
巴纳比·奥勒敦,鲍勃·奥勒敦,兄弟
巴纳比·奥勒敦,比尔·奥勒敦,兄弟
巴纳比·奥勒敦,吉福德·奥勒敦,可能存在关系
比尔·奥勒敦,巴纳比·奥勒敦,兄弟
比尔·奥勒敦,鲍勃·奥勒敦,兄弟
比尔·奥勒敦,吉福德·奥勒敦,可能存在关系
埃布尔·巴德摩,伦道夫·巴德摩,儿子
希伯克拉特·斯梅绥克,埃里奥·斯梅绥克,可能存在关系
希伯克拉特·斯梅绥克,利奥波迪娜·斯梅绥克,可能存在关系
秋·张的丈夫,秋·张,妻子
秋·张的丈夫,张先生,岳父
秋·张的丈夫,张夫人,岳母
布鲁图斯·斯克林杰,鲁弗斯·斯克林杰,可能存在关系
塞蒂娜·沃贝克的第二任丈夫,塞蒂娜·沃贝克,前妻
塞蒂娜·沃贝克的第二任丈夫,沃贝克先生,前岳父
塞蒂娜·沃贝克的第二任丈夫,沃贝克夫人,前岳母
米拉贝拉·普伦基特,约西亚·普伦基特,可能存在关系
米拉贝拉·普伦基特,塞缪尔·普伦基特,可能存在关系
莫丽·韦斯莱二世,亚瑟·韦斯莱,祖父
莫丽·韦斯莱二世,莫丽·韦斯莱,祖母
莫丽·韦斯莱二世,珀西·韦斯莱,父亲
莫丽·韦斯莱二世,奥黛丽·韦斯莱,母亲
莫丽·韦斯莱二世,露西·韦斯莱,妹妹
莫丽·韦斯莱二世,罗恩·韦斯莱,叔叔
莫丽·韦斯莱二世,弗雷德·韦斯莱,叔叔
莫丽·韦斯莱二世,乔治·韦斯莱,叔叔
莫丽·韦斯莱二世,赫敏·格兰杰,婶婶
莫丽·韦斯莱二世,安吉利娜·约翰逊,婶婶
莫丽·韦斯莱二世,罗丝·韦斯莱,堂姐妹
莫丽·韦斯莱二世,多米尼克·韦斯莱,堂姐妹
莫丽·韦斯莱二世,罗克珊·韦斯莱,堂姐妹
莫丽·韦斯莱二世,雨果·韦斯莱,堂兄弟
莫丽·韦斯莱二世,路易·韦斯莱,堂兄弟
莫丽·韦斯莱二世,弗雷德·韦斯莱二世,堂兄弟
莫丽·韦斯莱二世,比尔·韦斯莱,伯父
莫丽·韦斯莱二世,查理·韦斯莱,伯父
莫丽·韦斯莱二世,芙蓉·德拉库尔,伯母
莫丽·韦斯莱二世,维克托娃·韦斯莱,堂姐
莫丽·韦斯莱二世,金妮·韦斯莱,姑姑
莫丽·韦斯莱二世,哈利·波特,姑父
莫丽·韦斯莱二世,詹姆·小天狼星·波特,表兄弟
莫丽·韦斯莱二世,阿不思·西弗勒斯·波特,表兄弟
莫丽·韦斯莱二世,莉莉·卢娜·波特,表姐妹
莱桑德·斯卡曼德,罗夫·斯卡曼德,父亲
莱桑德·斯卡曼德,卢娜·洛夫古德,母亲
莱桑德·斯卡曼德,洛肯·斯卡曼德,孪生兄弟
莱桑德·斯卡曼德,谢诺菲留斯·洛夫古德,外祖父
莱桑德·斯卡曼德,潘多拉·洛夫古德,外祖母
杰纳斯·西奇的孩子,杰纳斯·西奇,父亲
杰纳斯·西奇的孩子,西奇夫人,母亲
洛肯·斯卡曼德,罗夫·斯卡曼德,父亲
洛肯·斯卡曼德,卢娜·洛夫古德,母亲
洛肯·斯卡曼德,莱桑德·斯卡曼德,孪生兄弟
洛肯·斯卡曼德,谢诺菲留斯·洛夫古德,外祖父
洛肯·斯卡曼德,潘多拉·洛夫古德,外祖母
詹姆·小天狼星·波特,伊格诺图斯·佩弗利尔,父系祖先
詹姆·小天狼星·波特,哈利·波特,父亲
詹姆·小天狼星·波特,金妮·韦斯莱,母亲
詹姆·小天狼星·波特,阿不思·西弗勒斯·波特,弟弟
詹姆·小天狼星·波特,莉莉·卢娜·波特,妹妹
詹姆·小天狼星·波特,詹姆·波特一世,爷爷
詹姆·小天狼星·波特,莉莉·波特,奶奶
詹姆·小天狼星·波特,亚瑟·韦斯莱,外公
詹姆·小天狼星·波特,莫莉·韦斯莱,外婆
詹姆·小天狼星·波特,罗恩·韦斯莱,舅舅/教父
詹姆·小天狼星·波特,赫敏·韦斯莱,舅母/教母
詹姆·小天狼星·波特,罗丝·韦斯莱,表妹
詹姆·小天狼星·波特,雨果·韦斯莱,表弟
斯科皮·马尔福,德拉科·马尔福,父亲
斯科皮·马尔福,阿斯托里亚·格林格拉斯,母亲
斯科皮·马尔福,卢修斯·马尔福,祖父
斯科皮·马尔福,纳西莎·马尔福,祖母
斯科皮·马尔福,达芙妮·格林格拉斯,大姨
莉莉·卢娜·波特,伊格诺图斯·佩弗利尔,父系祖先
莉莉·卢娜·波特,哈利·波特,父亲
莉莉·卢娜·波特,金妮·韦斯莱,母亲
莉莉·卢娜·波特,阿不思·西弗勒斯·波特,哥哥
莉莉·卢娜·波特,詹姆·小天狼星·波特,哥哥
莉莉·卢娜·波特,詹姆·波特,祖父
莉莉·卢娜·波特,莉莉·伊万斯,祖母
莉莉·卢娜·波特,亚瑟·韦斯莱,外祖父
莉莉·卢娜·波特,莫丽·韦斯莱,外祖母
莉莉·卢娜·波特,罗恩·韦斯莱,舅舅
莉莉·卢娜·波特,赫敏·格兰杰,舅母
莉莉·卢娜·波特,罗丝·韦斯莱,表姐
莉莉·卢娜·波特,雨果·韦斯莱,表兄弟
雨果·韦斯莱,罗恩·韦斯莱,父亲
雨果·韦斯莱,罗丝·韦斯莱,姐姐
雨果·韦斯莱,莫丽·韦斯莱,祖母
雨果·韦斯莱,亚瑟·韦斯莱,祖父
雨果·韦斯莱,赫敏·格兰杰,母亲
雨果·韦斯莱,格兰杰先生,外祖父
雨果·韦斯莱,格兰杰夫人,外祖母
雨果·韦斯莱,哈利·波特,姑父
雨果·韦斯莱,金妮·波特,姑姑
雨果·韦斯莱,詹姆·小天狼星·波特,表兄弟
雨果·韦斯莱,阿不思·西弗勒斯·波特,表兄弟
雨果·韦斯莱,莉莉·卢娜·波特,表兄弟
雨果·韦斯莱,罗克珊·韦斯莱,堂兄弟
雨果·韦斯莱,弗雷德·韦斯莱二世,堂兄弟
雨果·韦斯莱,乔治·韦斯莱,伯父
雨果·韦斯莱,弗雷德·韦斯莱,伯父
斯特宾斯 (1980年代),斯特宾斯,可能存在关系
蒂莫西·布伦金索普,巴纳布斯·布伦金索普,可能存在关系
格丝尔达·乔金斯,艾伯特·乔金斯,父亲
格丝尔达·乔金斯,普丽姆罗丝·乔金斯,母亲
格丝尔达·乔金斯,格里姆沃尔德·乔金斯,弟弟
格丝尔达·乔金斯,格兰维尔·乔金斯,弟弟
格丝尔达·乔金斯,伯莎·乔金斯,可能存在关系
格丝尔达·乔金斯,斯坦福·乔金斯,可能存在关系
埃格蒙特·霍布德,希利亚德·霍布德,父亲
埃格蒙特·霍布德,维奥莱塔·霍布德,母亲
约拉·布莱克,菲尼亚斯·奈杰勒斯·布莱克,哥哥
约拉·布莱克,天狼星·布莱克一世,哥哥
约拉·布莱克,埃拉朵拉·布莱克,姐姐
约拉·布莱克,鲍勃·希钦斯,丈夫
约拉·布莱克,乌尔苏拉·弗林特,嫂子
约拉·布莱克,天狼星·布莱克二世,侄子
约拉·布莱克,菲尼亚斯·布莱克,侄子
约拉·布莱克,西格纳斯·布莱克二世,侄子
约拉·布莱克,阿克图勒斯·布莱克二世,侄子
约拉·布莱克,贝尔维娜·布莱克,侄女
塞普蒂默斯·韦斯莱,塞德瑞拉·布莱克,妻子
塞普蒂默斯·韦斯莱,亚瑟·韦斯莱,儿子
塞普蒂默斯·韦斯莱,比利尔斯,可能存在关系
塞普蒂默斯·韦斯莱,莫丽·普威特,儿媳
塞普蒂默斯·韦斯莱,比尔·韦斯莱,孙子
塞普蒂默斯·韦斯莱,查理·韦斯莱,孙子
塞普蒂默斯·韦斯莱,珀西·韦斯莱,孙子
塞普蒂默斯·韦斯莱,弗雷德·韦斯莱,孙子
塞普蒂默斯·韦斯莱,乔治·韦斯莱,孙子
塞普蒂默斯·韦斯莱,罗恩·韦斯莱,孙子
塞普蒂默斯·韦斯莱,金妮·韦斯莱,孙女
塞普蒂默斯·韦斯莱,阿克图勒斯·布莱克二世,岳父
塞普蒂默斯·韦斯莱,莱桑德拉·亚克斯利,岳母
塞普蒂默斯·韦斯莱,卡莉朵拉·布莱克,姐姐
塞普蒂默斯·韦斯莱,查莉丝·布莱克,妹妹
塞普蒂默斯·韦斯莱,哈方·隆巴顿,姐夫
塞普蒂默斯·韦斯莱,卡斯帕·克劳奇,妹夫
坎坦克卢斯·诺特,西奥多·诺特,可能存在关系
霍诺利亚,阿不思·邓布利多,侄子或外甥
霍诺利亚,阿不福思·邓布利多,侄子或外甥
霍诺利亚,阿利安娜·邓布利多,侄女或外甥女
霍诺利亚,珀西瓦尔·邓布利多,兄弟、姐夫或妹夫
霍诺利亚,坎德拉·邓布利多,姐妹、嫂子或弟媳
自称是阿基·阿尔德顿儿子的男巫,阿基·阿尔德顿,声称的父亲
自称是阿基·阿尔德顿儿子的男巫,阿奇博尔德·阿尔德顿,可能存在关系
查勒斯·波特的儿子,查勒斯·波特,父亲
查勒斯·波特的儿子,多瑞娅·布莱克,母亲
查勒斯·波特的儿子,帕勒克斯·布莱克,舅舅
查勒斯·波特的儿子,马里厄斯·布莱克,舅舅
查勒斯·波特的儿子,卡西欧佩娅·布莱克,姨妈
查勒斯·波特的儿子,西格纳斯·布莱克二世,外祖父
查勒斯·波特的儿子,维奥莱塔·伯斯德,外祖母
查勒斯·波特的儿子,西格纳斯·布莱克三世,表兄弟
查勒斯·波特的儿子,阿尔法德·布莱克,表兄弟
查勒斯·波特的儿子,沃尔布加·布莱克,表姐妹
巴托罗缪·巴瑞波恩,玛丽·卢·巴瑞波恩,后裔
塔奎因·麦克塔维什,托基尔·麦克塔维什,可能存在关系
珀西瓦尔·格雷维斯,刚度富士·格雷维斯,祖先
珀西瓦尔·格雷维斯,默顿·格雷维斯,可能存在关系
巴希达·巴沙特,盖勒特·格林德沃,侄孙
秋·张的父亲,张夫人,妻子
秋·张的父亲,秋·张,女儿
拉蒙特,赫克托·拉蒙特,儿子
鲍勃·希钦斯,约拉·布莱克,妻子
鲍勃·希钦斯,菲尼亚斯·奈杰勒斯·布莱克,哥哥
鲍勃·希钦斯,天狼星·布莱克一世,哥哥
鲍勃·希钦斯,埃拉朵拉·布莱克,姐姐
特伦斯·希格斯,贝蒂·希格斯,可能存在关系
鲍曼·赖特的父亲,赖特夫人,妻子
鲍曼·赖特的父亲,鲍曼·赖特,儿子
西莫·斐尼甘的父亲,斐尼甘夫人,妻子
西莫·斐尼甘的父亲,西莫·斐尼甘,儿子
西莫·斐尼甘的父亲,菲戈,侄子/外甥
梅森,梅森夫人,妻子
弗农·德思礼,德思礼夫人,母亲
弗农·德思礼,玛姬·德思礼,姐姐
弗农·德思礼,佩妮·伊万斯,妻子
弗农·德思礼,达力·德思礼,儿子
弗农·德思礼,德思礼夫人,儿媳
弗农·德思礼,伊万斯先生,岳父
弗农·德思礼,伊万斯夫人,岳母
弗农·德思礼,莉莉·伊万斯,小姨
弗农·德思礼,詹姆·波特,妹夫/襟弟
弗农·德思礼,哈利·波特,外甥
弗农·德思礼,金妮·韦斯莱,外甥媳婦
弗农·德思礼,詹姆·小天狼星·波特,外甥孙
弗农·德思礼,阿不思·西弗勒斯·波特,外甥孙
弗农·德思礼,莉莉·卢娜·波特,外甥孙女
梅森的妻子,梅森先生,丈夫
托比亚·斯内普,艾琳·普林斯,妻子
托比亚·斯内普,西弗勒斯·斯内普,儿子
吉德罗·洛哈特的父亲,洛哈特夫人,妻子
吉德罗·洛哈特的父亲,吉德罗·洛哈特,儿子
纳西莎·马尔福,西格纳斯·布莱克三世,父亲
纳西莎·马尔福,德鲁埃拉·罗齐尔,母亲
纳西莎·马尔福,安多米达·唐克斯,姊姊
纳西莎·马尔福,贝拉特里克斯·莱斯特兰奇,姊姊
纳西莎·马尔福,帕勒克斯·布莱克,祖父
纳西莎·马尔福,伊尔玛·克拉布,祖母
纳西莎·马尔福,卢修斯·马尔福,丈夫
纳西莎·马尔福,小天狼星·布莱克,表弟
纳西莎·马尔福,雷古勒斯·布莱克,表弟
纳西莎·马尔福,泰德·唐克斯,姊夫
纳西莎·马尔福,罗道夫斯·莱斯特兰奇,姊夫
纳西莎·马尔福,拉巴斯坦·莱斯特兰奇,小叔
纳西莎·马尔福,尼法朵拉·唐克斯,外甥女
纳西莎·马尔福,德拉科·马尔福,長子
纳西莎·马尔福,罗齐尔家族,母氏家族
纳西莎·马尔福,布莱克家族,母氏家族
摩根·勒·费伊,亚瑟王,同母异父弟弟
萨拉查·斯莱特林,冈特家族,后裔
巴拿巴斯·德夫里尔,菲尔伯特·德夫里尔,可能存在关系
德拉科·马尔福,卢修斯·马尔福,父亲
德拉科·马尔福,纳西莎·马尔福,母亲
德拉科·马尔福,阿斯托里亚·格林格拉斯,妻子
德拉科·马尔福,斯科皮·马尔福,儿子
德拉科·马尔福,阿布拉克萨斯·马尔福,祖父
德拉科·马尔福,西格纳斯·布莱克三世,外祖父
德拉科·马尔福,德鲁埃拉·布莱克,外祖母
德拉科·马尔福,贝拉特里克斯·莱斯特兰奇,姨妈
德拉科·马尔福,安多米达·唐克斯,姨妈
德拉科·马尔福,罗道夫斯·莱斯特兰奇,舅舅
德拉科·马尔福,泰德·唐克斯,舅舅
德拉科·马尔福,尼法朵拉·唐克斯,表姐
德拉科·马尔福,达芙妮·格林格拉斯,小姨
德拉科·马尔福,布莱克家族,母系家族
德拉科·马尔福,马尔福家族,父系家族
德拉科·马尔福,格林格拉斯家族,姻亲
卢修斯·马尔福,阿曼德·马尔福,祖先
卢修斯·马尔福,卢修斯·马尔福一世,祖先
卢修斯·马尔福,布鲁图斯·马尔福,祖先
卢修斯·马尔福,阿布拉克萨斯·马尔福,父亲
卢修斯·马尔福,纳西莎·布莱克,妻子
卢修斯·马尔福,德拉科·马尔福,儿子
卢修斯·马尔福,阿斯托里亚·格林格拉斯,儿媳
卢修斯·马尔福,斯科皮·马尔福,孙子
卢修斯·马尔福,德鲁埃拉·布莱克,岳母
卢修斯·马尔福,西格纳斯·布莱克三世,岳父
卢修斯·马尔福,贝拉特里克斯·莱斯特兰奇,大姨
卢修斯·马尔福,安多米达·唐克斯,大姨
卢修斯·马尔福,罗道夫斯·莱斯特兰奇,姐夫
卢修斯·马尔福,泰德·唐克斯,姐夫
卢修斯·马尔福,尼法朵拉·唐克斯,侄女
汤姆·里德尔,萨拉查·斯莱特林,祖先
汤姆·里德尔,卡德摩斯·佩弗利尔,祖先
汤姆·里德尔,科维努斯·冈特,祖先
汤姆·里德尔,老汤姆·里德尔,父亲
汤姆·里德尔,梅洛普·冈特,母亲
汤姆·里德尔,托马斯·里德尔,祖父
汤姆·里德尔,玛丽·里德尔,祖母
汤姆·里德尔,马沃罗·冈特,外祖父
汤姆·里德尔,莫芬·冈特,舅舅
汤姆·里德尔,詹姆·波特,远亲
汤姆·里德尔,哈利·波特,远亲
科沃斯·莱斯特兰奇四世,科沃斯·莱斯特兰奇,父亲
科沃斯·莱斯特兰奇四世,埃格朗蒂纳·莱斯特兰奇,母亲
科沃斯·莱斯特兰奇四世,劳瑞娜·卡玛,第一任妻子
科沃斯·莱斯特兰奇四世,克拉里斯·特朗布莱,第二任妻子/表妹
科沃斯·莱斯特兰奇四世,莉塔·莱斯特兰奇,第一次婚姻的女儿
科沃斯·莱斯特兰奇四世,科沃斯·莱斯特兰奇,第二次婚姻的儿子/外甥
科沃斯·莱斯特兰奇四世,科沃斯·莱斯特兰奇,祖父
科沃斯·莱斯特兰奇四世,米内特·罗齐尔,祖母
科沃斯·莱斯特兰奇四世,科沃斯·莱斯特兰奇,曾祖父
盖勒特·格林德沃,巴希达·巴沙特,姑婆
贝拉特里克斯·莱斯特兰奇,西格纳斯·布莱克三世,父亲
贝拉特里克斯·莱斯特兰奇,德鲁埃拉·罗齐尔,母亲
贝拉特里克斯·莱斯特兰奇,安多米达·唐克斯,妹妹
贝拉特里克斯·莱斯特兰奇,纳西莎·马尔福,妹妹
贝拉特里克斯·莱斯特兰奇,罗道夫斯·莱斯特兰奇,丈夫
贝拉特里克斯·莱斯特兰奇,帕勒克斯·布莱克,祖父
贝拉特里克斯·莱斯特兰奇,伊尔玛·克拉布,祖母
贝拉特里克斯·莱斯特兰奇,小天狼星·布莱克,表弟
贝拉特里克斯·莱斯特兰奇,雷古勒斯·布莱克,表弟
贝拉特里克斯·莱斯特兰奇,泰德·唐克斯,妹夫
贝拉特里克斯·莱斯特兰奇,卢修斯·马尔福,妹夫
贝拉特里克斯·莱斯特兰奇,拉巴斯坦·莱斯特兰奇,小叔
贝拉特里克斯·莱斯特兰奇,尼法朵拉·唐克斯,外甥女
贝拉特里克斯·莱斯特兰奇,德拉科·马尔福,外甥
贝拉特里克斯·莱斯特兰奇,莱斯特兰奇家族,亲家
贝拉特里克斯·莱斯特兰奇,罗齐尔家族,母氏家族
贝拉特里克斯·莱斯特兰奇,布莱克家族,母氏家族
葛姆蕾·冈特,萨拉查·斯莱特林,祖先
葛姆蕾·冈特,卡德摩斯·佩弗利尔,祖先
葛姆蕾·冈特,雷欧娜·塞耶,妹妹
葛姆蕾·冈特,威廉·塞耶,妹夫
葛姆蕾·冈特,伊索特·塞耶,外甥女
玛丽·麦克唐纳,马格纳斯·麦克唐纳,可能存在关系
艾博,汉娜·艾博,可能存在关系
艾博,汉娜·艾博的母亲,可能存在关系
弗雷德·韦斯莱二世,乔治·韦斯莱,父亲
弗雷德·韦斯莱二世,安吉利娜·约翰逊,母亲
弗雷德·韦斯莱二世,罗克珊·韦斯莱,妹妹
弗雷德·韦斯莱二世,亚瑟·韦斯莱,祖父
弗雷德·韦斯莱二世,莫丽·韦斯莱,祖母
弗雷德·韦斯莱二世,弗雷德·韦斯莱,伯父
弗雷德·韦斯莱二世,珀西·韦斯莱,伯父
弗雷德·韦斯莱二世,查理·韦斯莱,伯父
弗雷德·韦斯莱二世,比尔·韦斯莱,伯父
弗雷德·韦斯莱二世,金妮·韦斯莱,姑姑
弗雷德·韦斯莱二世,罗恩·韦斯莱,叔叔
弗雷德·韦斯莱二世,芙蓉·德拉库尔,伯母
弗雷德·韦斯莱二世,奥黛丽·韦斯莱,伯母
弗雷德·韦斯莱二世,赫敏·格兰杰,婶婶
弗雷德·韦斯莱二世,哈利·波特,姑父
弗雷德·韦斯莱二世,维克托娃·韦斯莱,堂姐
弗雷德·韦斯莱二世,多米尼克·韦斯莱,堂姐妹
弗雷德·韦斯莱二世,露西·韦斯莱,堂姐妹
弗雷德·韦斯莱二世,莫丽·韦斯莱,堂姐妹
弗雷德·韦斯莱二世,罗丝·韦斯莱,堂姐妹
弗雷德·韦斯莱二世,路易·韦斯莱,堂兄弟
弗雷德·韦斯莱二世,雨果·韦斯莱,堂兄弟
弗雷德·韦斯莱二世,詹姆·小天狼星·波特,表兄弟
弗雷德·韦斯莱二世,阿不思·西弗勒斯·波特,表兄弟
弗雷德·韦斯莱二世,莉莉·卢娜·波特,表姐妹
尼古拉斯·马尔福,阿曼德·马尔福,祖先
尼古拉斯·马尔福,卢修斯·马尔福一世,后裔
尼古拉斯·马尔福,布鲁图斯·马尔福,后裔
尼古拉斯·马尔福,塞普蒂默斯·马尔福,后裔
尼古拉斯·马尔福,阿布拉克萨斯·马尔福,后裔
尼古拉斯·马尔福,卢修斯·马尔福,后裔
尼古拉斯·马尔福,德拉科·马尔福,后裔
尼古拉斯·马尔福,斯科皮·马尔福,后裔
哈方·隆巴顿,卡莉朵拉·布莱克,妻子
哈方·隆巴顿,奥古斯塔·隆巴顿,可能存在关系
哈方·隆巴顿,弗兰克·隆巴顿,可能存在关系
哈方·隆巴顿,纳威·隆巴顿,可能存在关系
希利亚德·霍布德,维奥莱塔·霍布德,妻子
希利亚德·霍布德,埃格蒙特·霍布德,儿子
维奥莱塔·霍布德,希利亚德·霍布德,丈夫
维奥莱塔·霍布德,埃格蒙特·霍布德,儿子
秋·张的母亲,张先生,丈夫
秋·张的母亲,秋·张,女儿
秋·张的母亲,秋·张的丈夫,女婿
沃尔特·帕金的孩子,沃尔特·帕金,父亲
罗伯茨,罗伯茨夫人,妻子
赫伯特·博克,贝尔维娜·布莱克,妻子
赫伯特·博克,菲尼亚斯·奈杰勒斯·布莱克,岳父
赫伯特·博克,乌尔苏拉·弗林特,岳母
赫伯特·博克,卡拉克塔库斯·博克,可能存在关系
塞蒂娜·沃贝克的儿子,塞蒂娜·沃贝克,母亲
塞蒂娜·沃贝克的儿子,沃贝克先生,外祖父
塞蒂娜·沃贝克的儿子,沃贝克夫人,外祖母
塞蒂娜·沃贝克的儿子,厄文·瓦布尔,继父
